segment_id,participant,prepost,channel,phase
0,1,1,1,1
1,1,1,1,2
2,1,1,1,1
3,1,1,1,2
4,1,1,1,1
5,1,1,1,2
6,1,1,1,1
7,1,1,1,2
8,1,1,1,1
9,1,1,1,2
10,1,1,1,1
11,1,1,1,2
12,1,1,1,1
13,1,1,1,2
14,1,1,1,1
15,1,1,1,2
16,1,1,1,1
17,1,1,1,2
18,1,1,1,1
19,1,1,1,2
20,1,1,1,1
21,1,1,1,2
22,1,1,1,1
23,1,1,1,2
24,1,1,1,1
25,1,1,1,2
26,1,1,1,1
27,1,1,1,2
28,1,1,1,1
29,1,1,1,2
30,1,1,1,1
31,1,1,1,2
32,1,1,1,1
33,1,1,1,2
34,1,1,1,1
35,1,1,1,2
36,1,1,1,1
37,1,1,1,2
38,1,1,1,1
39,1,1,1,2
40,1,1,1,1
41,1,1,1,2
42,1,1,1,1
43,1,1,1,2
44,1,1,1,1
45,1,1,1,2
46,1,1,1,1
47,1,1,1,2
48,1,1,1,1
49,1,1,1,2
50,1,1,1,1
51,1,1,1,2
52,1,1,1,1
53,1,1,1,2
54,1,1,1,1
55,1,1,1,2
56,1,1,1,1
57,1,1,1,2
58,1,1,1,1
59,1,1,1,2
60,1,1,1,1
61,1,1,1,2
62,1,1,1,1
63,1,1,1,2
64,1,1,1,1
65,1,1,1,2
66,1,1,1,1
67,1,1,1,2
68,1,1,1,1
69,1,1,1,2
70,1,1,1,1
71,1,1,1,2
72,1,1,1,1
73,1,1,1,2
74,1,1,1,1
75,1,1,1,2
76,1,1,1,1
77,1,1,1,2
78,1,1,1,1
79,1,1,1,2
80,1,1,1,1
81,1,1,1,2
82,1,1,1,1
83,1,1,1,2
84,1,1,1,1
85,1,1,1,2
86,1,1,1,1
87,1,1,1,2
88,1,1,1,1
89,1,1,1,2
90,1,1,1,1
91,1,1,1,2
92,1,1,1,1
93,1,1,1,2
94,1,1,1,1
95,1,1,1,2
96,1,1,1,1
97,1,1,1,2
98,1,1,1,1
99,1,1,1,2
100,1,1,1,1
101,1,1,1,2
102,1,1,1,1
103,1,1,1,2
104,1,2,1,1
105,1,2,1,2
106,1,2,1,1
107,1,2,1,2
108,1,2,1,1
109,1,2,1,2
110,1,2,1,1
111,1,2,1,2
112,1,2,1,1
113,1,2,1,2
114,1,2,1,1
115,1,2,1,2
116,1,2,1,1
117,1,2,1,2
118,1,2,1,1
119,1,2,1,2
120,1,2,1,1
121,1,2,1,2
122,1,2,1,1
123,1,2,1,2
124,1,2,1,1
125,1,2,1,2
126,1,2,1,1
127,1,2,1,2
128,1,2,1,1
129,1,2,1,2
130,1,2,1,1
131,1,2,1,2
132,1,2,1,1
133,1,2,1,2
134,1,2,1,1
135,1,2,1,2
136,1,2,1,1
137,1,2,1,2
138,1,2,1,1
139,1,2,1,2
140,1,2,1,1
141,1,2,1,2
142,1,2,1,1
143,1,2,1,2
144,1,2,1,1
145,1,2,1,2
146,1,2,1,1
147,1,2,1,2
148,1,2,1,1
149,1,2,1,2
150,1,2,1,1
151,1,2,1,2
152,1,2,1,1
153,1,2,1,2
154,1,2,1,1
155,1,2,1,2
156,1,2,1,1
157,1,2,1,2
158,1,2,1,1
159,1,2,1,2
160,1,2,1,1
161,1,2,1,2
162,1,2,1,1
163,1,2,1,2
164,1,2,1,1
165,1,2,1,2
166,1,2,1,1
167,1,2,1,2
168,1,2,1,1
169,1,2,1,2
170,1,2,1,1
171,1,2,1,2
172,1,2,1,1
173,1,2,1,2
174,1,2,1,1
175,1,2,1,2
176,1,2,1,1
177,1,2,1,2
178,1,2,1,1
179,1,2,1,2
180,1,2,1,1
181,1,2,1,2
182,1,2,1,1
183,1,2,1,2
184,1,2,1,1
185,1,2,1,2
186,1,2,1,1
187,1,2,1,2
188,1,2,1,1
189,1,2,1,2
190,1,2,1,1
191,1,2,1,2
192,1,2,1,1
193,1,2,1,2
194,1,2,1,1
195,1,2,1,2
196,1,2,1,1
197,1,2,1,2
198,1,2,1,1
199,1,2,1,2
200,1,2,1,1
201,1,2,1,2
202,1,2,1,1
203,1,2,1,2
204,1,2,1,1
205,1,2,1,2
206,1,2,1,1
207,1,2,1,2
208,1,2,1,1
209,1,2,1,2
210,1,2,1,1
211,1,2,1,2
212,1,2,1,1
213,1,2,1,2
214,1,2,1,1
215,1,2,1,2
216,1,2,1,1
217,1,2,1,2
218,1,2,1,1
219,1,2,1,2
220,1,1,2,1
221,1,1,2,2
222,1,1,2,1
223,1,1,2,2
224,1,1,2,1
225,1,1,2,2
226,1,1,2,1
227,1,1,2,2
228,1,1,2,1
229,1,1,2,2
230,1,1,2,1
231,1,1,2,2
232,1,1,2,1
233,1,1,2,2
234,1,1,2,1
235,1,1,2,2
236,1,1,2,1
237,1,1,2,2
238,1,1,2,1
239,1,1,2,2
240,1,1,2,1
241,1,1,2,2
242,1,1,2,1
243,1,1,2,2
244,1,1,2,1
245,1,1,2,2
246,1,1,2,1
247,1,1,2,2
248,1,1,2,1
249,1,1,2,2
250,1,1,2,1
251,1,1,2,2
252,1,1,2,1
253,1,1,2,2
254,1,1,2,1
255,1,1,2,2
256,1,1,2,1
257,1,1,2,2
258,1,1,2,1
259,1,1,2,2
260,1,1,2,1
261,1,1,2,2
262,1,1,2,1
263,1,1,2,2
264,1,1,2,1
265,1,1,2,2
266,1,1,2,1
267,1,1,2,2
268,1,1,2,1
269,1,1,2,2
270,1,1,2,1
271,1,1,2,2
272,1,1,2,1
273,1,1,2,2
274,1,1,2,1
275,1,1,2,2
276,1,1,2,1
277,1,1,2,2
278,1,1,2,1
279,1,1,2,2
280,1,1,2,1
281,1,1,2,2
282,1,1,2,1
283,1,1,2,2
284,1,1,2,1
285,1,1,2,2
286,1,1,2,1
287,1,1,2,2
288,1,1,2,1
289,1,1,2,2
290,1,1,2,1
291,1,1,2,2
292,1,1,2,1
293,1,1,2,2
294,1,1,2,1
295,1,1,2,2
296,1,1,2,1
297,1,1,2,2
298,1,1,2,1
299,1,1,2,2
300,1,1,2,1
301,1,1,2,2
302,1,1,2,1
303,1,1,2,2
304,1,1,2,1
305,1,1,2,2
306,1,1,2,1
307,1,1,2,2
308,1,1,2,1
309,1,1,2,2
310,1,1,2,1
311,1,1,2,2
312,1,1,2,1
313,1,1,2,2
314,1,1,2,1
315,1,1,2,2
316,1,1,2,1
317,1,1,2,2
318,1,1,2,1
319,1,1,2,2
320,1,1,2,1
321,1,1,2,2
322,1,1,2,1
323,1,1,2,2
324,1,2,2,1
325,1,2,2,2
326,1,2,2,1
327,1,2,2,2
328,1,2,2,1
329,1,2,2,2
330,1,2,2,1
331,1,2,2,2
332,1,2,2,1
333,1,2,2,2
334,1,2,2,1
335,1,2,2,2
336,1,2,2,1
337,1,2,2,2
338,1,2,2,1
339,1,2,2,2
340,1,2,2,1
341,1,2,2,2
342,1,2,2,1
343,1,2,2,2
344,1,2,2,1
345,1,2,2,2
346,1,2,2,1
347,1,2,2,2
348,1,2,2,1
349,1,2,2,2
350,1,2,2,1
351,1,2,2,2
352,1,2,2,1
353,1,2,2,2
354,1,2,2,1
355,1,2,2,2
356,1,2,2,1
357,1,2,2,2
358,1,2,2,1
359,1,2,2,2
360,1,2,2,1
361,1,2,2,2
362,1,2,2,1
363,1,2,2,2
364,1,2,2,1
365,1,2,2,2
366,1,2,2,1
367,1,2,2,2
368,1,2,2,1
369,1,2,2,2
370,1,2,2,1
371,1,2,2,2
372,1,2,2,1
373,1,2,2,2
374,1,2,2,1
375,1,2,2,2
376,1,2,2,1
377,1,2,2,2
378,1,2,2,1
379,1,2,2,2
380,1,2,2,1
381,1,2,2,2
382,1,2,2,1
383,1,2,2,2
384,1,2,2,1
385,1,2,2,2
386,1,2,2,1
387,1,2,2,2
388,1,2,2,1
389,1,2,2,2
390,1,2,2,1
391,1,2,2,2
392,1,2,2,1
393,1,2,2,2
394,1,2,2,1
395,1,2,2,2
396,1,2,2,1
397,1,2,2,2
398,1,2,2,1
399,1,2,2,2
400,1,2,2,1
401,1,2,2,2
402,1,2,2,1
403,1,2,2,2
404,1,2,2,1
405,1,2,2,2
406,1,2,2,1
407,1,2,2,2
408,1,2,2,1
409,1,2,2,2
410,1,2,2,1
411,1,2,2,2
412,1,2,2,1
413,1,2,2,2
414,1,2,2,1
415,1,2,2,2
416,1,2,2,1
417,1,2,2,2
418,1,2,2,1
419,1,2,2,2
420,1,2,2,1
421,1,2,2,2
422,1,2,2,1
423,1,2,2,2
424,1,2,2,1
425,1,2,2,2
426,1,2,2,1
427,1,2,2,2
428,1,2,2,1
429,1,2,2,2
430,1,2,2,1
431,1,2,2,2
432,1,2,2,1
433,1,2,2,2
434,1,2,2,1
435,1,2,2,2
436,1,2,2,1
437,1,2,2,2
438,1,2,2,1
439,1,2,2,2
440,2,1,1,1
441,2,1,1,2
442,2,1,1,1
443,2,1,1,2
444,2,1,1,1
445,2,1,1,2
446,2,1,1,1
447,2,1,1,2
448,2,1,1,1
449,2,1,1,2
450,2,1,1,1
451,2,1,1,2
452,2,1,1,1
453,2,1,1,2
454,2,1,1,1
455,2,1,1,2
456,2,1,1,1
457,2,1,1,2
458,2,1,1,1
459,2,1,1,2
460,2,1,1,1
461,2,1,1,2
462,2,1,1,1
463,2,1,1,2
464,2,1,1,1
465,2,1,1,2
466,2,1,1,1
467,2,1,1,2
468,2,1,1,1
469,2,1,1,2
470,2,1,1,1
471,2,1,1,2
472,2,1,1,1
473,2,1,1,2
474,2,1,1,1
475,2,1,1,2
476,2,1,1,1
477,2,1,1,2
478,2,1,1,1
479,2,1,1,2
480,2,1,1,1
481,2,1,1,2
482,2,1,1,1
483,2,1,1,2
484,2,1,1,1
485,2,1,1,2
486,2,1,1,1
487,2,1,1,2
488,2,1,1,1
489,2,1,1,2
490,2,1,1,1
491,2,1,1,2
492,2,1,1,1
493,2,1,1,2
494,2,1,1,1
495,2,1,1,2
496,2,1,1,1
497,2,1,1,2
498,2,1,1,1
499,2,1,1,2
500,2,1,1,1
501,2,1,1,2
502,2,1,1,1
503,2,1,1,2
504,2,1,1,1
505,2,1,1,2
506,2,1,1,1
507,2,1,1,2
508,2,1,1,1
509,2,1,1,2
510,2,1,1,1
511,2,1,1,2
512,2,1,1,1
513,2,1,1,2
514,2,1,1,1
515,2,1,1,2
516,2,1,1,1
517,2,1,1,2
518,2,1,1,1
519,2,1,1,2
520,2,1,1,1
521,2,1,1,2
522,2,1,1,1
523,2,1,1,2
524,2,1,1,1
525,2,1,1,2
526,2,1,1,1
527,2,1,1,2
528,2,1,1,1
529,2,1,1,2
530,2,1,1,1
531,2,1,1,2
532,2,1,1,1
533,2,1,1,2
534,2,1,1,1
535,2,1,1,2
536,2,1,1,1
537,2,1,1,2
538,2,1,1,1
539,2,1,1,2
540,2,1,1,1
541,2,1,1,2
542,2,1,1,1
543,2,1,1,2
544,2,1,1,1
545,2,1,1,2
546,2,1,1,1
547,2,1,1,2
548,2,1,1,1
549,2,1,1,2
550,2,1,1,1
551,2,1,1,2
552,2,1,1,1
553,2,1,1,2
554,2,1,1,1
555,2,1,1,2
556,2,2,1,1
557,2,2,1,2
558,2,2,1,1
559,2,2,1,2
560,2,2,1,1
561,2,2,1,2
562,2,2,1,1
563,2,2,1,2
564,2,2,1,1
565,2,2,1,2
566,2,2,1,1
567,2,2,1,2
568,2,2,1,1
569,2,2,1,2
570,2,2,1,1
571,2,2,1,2
572,2,2,1,1
573,2,2,1,2
574,2,2,1,1
575,2,2,1,2
576,2,2,1,1
577,2,2,1,2
578,2,2,1,1
579,2,2,1,2
580,2,2,1,1
581,2,2,1,2
582,2,2,1,1
583,2,2,1,2
584,2,2,1,1
585,2,2,1,2
586,2,2,1,1
587,2,2,1,2
588,2,2,1,1
589,2,2,1,2
590,2,2,1,1
591,2,2,1,2
592,2,2,1,1
593,2,2,1,2
594,2,2,1,1
595,2,2,1,2
596,2,2,1,1
597,2,2,1,2
598,2,2,1,1
599,2,2,1,2
600,2,2,1,1
601,2,2,1,2
602,2,2,1,1
603,2,2,1,2
604,2,2,1,1
605,2,2,1,2
606,2,2,1,1
607,2,2,1,2
608,2,2,1,1
609,2,2,1,2
610,2,2,1,1
611,2,2,1,2
612,2,2,1,1
613,2,2,1,2
614,2,2,1,1
615,2,2,1,2
616,2,2,1,1
617,2,2,1,2
618,2,2,1,1
619,2,2,1,2
620,2,2,1,1
621,2,2,1,2
622,2,2,1,1
623,2,2,1,2
624,2,2,1,1
625,2,2,1,2
626,2,2,1,1
627,2,2,1,2
628,2,2,1,1
629,2,2,1,2
630,2,2,1,1
631,2,2,1,2
632,2,2,1,1
633,2,2,1,2
634,2,2,1,1
635,2,2,1,2
636,2,2,1,1
637,2,2,1,2
638,2,2,1,1
639,2,2,1,2
640,2,2,1,1
641,2,2,1,2
642,2,2,1,1
643,2,2,1,2
644,2,2,1,1
645,2,2,1,2
646,2,2,1,1
647,2,2,1,2
648,2,2,1,1
649,2,2,1,2
650,2,2,1,1
651,2,2,1,2
652,2,2,1,1
653,2,2,1,2
654,2,2,1,1
655,2,2,1,2
656,2,2,1,1
657,2,2,1,2
658,2,2,1,1
659,2,2,1,2
660,2,2,1,1
661,2,2,1,2
662,2,2,1,1
663,2,2,1,2
664,2,2,1,1
665,2,2,1,2
666,2,2,1,1
667,2,2,1,2
668,2,2,1,1
669,2,2,1,2
670,2,2,1,1
671,2,2,1,2
672,2,2,1,1
673,2,2,1,2
674,2,2,1,1
675,2,2,1,2
676,2,1,2,1
677,2,1,2,2
678,2,1,2,1
679,2,1,2,2
680,2,1,2,1
681,2,1,2,2
682,2,1,2,1
683,2,1,2,2
684,2,1,2,1
685,2,1,2,2
686,2,1,2,1
687,2,1,2,2
688,2,1,2,1
689,2,1,2,2
690,2,1,2,1
691,2,1,2,2
692,2,1,2,1
693,2,1,2,2
694,2,1,2,1
695,2,1,2,2
696,2,1,2,1
697,2,1,2,2
698,2,1,2,1
699,2,1,2,2
700,2,1,2,1
701,2,1,2,2
702,2,1,2,1
703,2,1,2,2
704,2,1,2,1
705,2,1,2,2
706,2,1,2,1
707,2,1,2,2
708,2,1,2,1
709,2,1,2,2
710,2,1,2,1
711,2,1,2,2
712,2,1,2,1
713,2,1,2,2
714,2,1,2,1
715,2,1,2,2
716,2,1,2,1
717,2,1,2,2
718,2,1,2,1
719,2,1,2,2
720,2,1,2,1
721,2,1,2,2
722,2,1,2,1
723,2,1,2,2
724,2,1,2,1
725,2,1,2,2
726,2,1,2,1
727,2,1,2,2
728,2,1,2,1
729,2,1,2,2
730,2,1,2,1
731,2,1,2,2
732,2,1,2,1
733,2,1,2,2
734,2,1,2,1
735,2,1,2,2
736,2,1,2,1
737,2,1,2,2
738,2,1,2,1
739,2,1,2,2
740,2,1,2,1
741,2,1,2,2
742,2,1,2,1
743,2,1,2,2
744,2,1,2,1
745,2,1,2,2
746,2,1,2,1
747,2,1,2,2
748,2,1,2,1
749,2,1,2,2
750,2,1,2,1
751,2,1,2,2
752,2,1,2,1
753,2,1,2,2
754,2,1,2,1
755,2,1,2,2
756,2,1,2,1
757,2,1,2,2
758,2,1,2,1
759,2,1,2,2
760,2,1,2,1
761,2,1,2,2
762,2,1,2,1
763,2,1,2,2
764,2,1,2,1
765,2,1,2,2
766,2,1,2,1
767,2,1,2,2
768,2,1,2,1
769,2,1,2,2
770,2,1,2,1
771,2,1,2,2
772,2,1,2,1
773,2,1,2,2
774,2,1,2,1
775,2,1,2,2
776,2,1,2,1
777,2,1,2,2
778,2,1,2,1
779,2,1,2,2
780,2,1,2,1
781,2,1,2,2
782,2,1,2,1
783,2,1,2,2
784,2,1,2,1
785,2,1,2,2
786,2,1,2,1
787,2,1,2,2
788,2,1,2,1
789,2,1,2,2
790,2,1,2,1
791,2,1,2,2
792,2,2,2,1
793,2,2,2,2
794,2,2,2,1
795,2,2,2,2
796,2,2,2,1
797,2,2,2,2
798,2,2,2,1
799,2,2,2,2
800,2,2,2,1
801,2,2,2,2
802,2,2,2,1
803,2,2,2,2
804,2,2,2,1
805,2,2,2,2
806,2,2,2,1
807,2,2,2,2
808,2,2,2,1
809,2,2,2,2
810,2,2,2,1
811,2,2,2,2
812,2,2,2,1
813,2,2,2,2
814,2,2,2,1
815,2,2,2,2
816,2,2,2,1
817,2,2,2,2
818,2,2,2,1
819,2,2,2,2
820,2,2,2,1
821,2,2,2,2
822,2,2,2,1
823,2,2,2,2
824,2,2,2,1
825,2,2,2,2
826,2,2,2,1
827,2,2,2,2
828,2,2,2,1
829,2,2,2,2
830,2,2,2,1
831,2,2,2,2
832,2,2,2,1
833,2,2,2,2
834,2,2,2,1
835,2,2,2,2
836,2,2,2,1
837,2,2,2,2
838,2,2,2,1
839,2,2,2,2
840,2,2,2,1
841,2,2,2,2
842,2,2,2,1
843,2,2,2,2
844,2,2,2,1
845,2,2,2,2
846,2,2,2,1
847,2,2,2,2
848,2,2,2,1
849,2,2,2,2
850,2,2,2,1
851,2,2,2,2
852,2,2,2,1
853,2,2,2,2
854,2,2,2,1
855,2,2,2,2
856,2,2,2,1
857,2,2,2,2
858,2,2,2,1
859,2,2,2,2
860,2,2,2,1
861,2,2,2,2
862,2,2,2,1
863,2,2,2,2
864,2,2,2,1
865,2,2,2,2
866,2,2,2,1
867,2,2,2,2
868,2,2,2,1
869,2,2,2,2
870,2,2,2,1
871,2,2,2,2
872,2,2,2,1
873,2,2,2,2
874,2,2,2,1
875,2,2,2,2
876,2,2,2,1
877,2,2,2,2
878,2,2,2,1
879,2,2,2,2
880,2,2,2,1
881,2,2,2,2
882,2,2,2,1
883,2,2,2,2
884,2,2,2,1
885,2,2,2,2
886,2,2,2,1
887,2,2,2,2
888,2,2,2,1
889,2,2,2,2
890,2,2,2,1
891,2,2,2,2
892,2,2,2,1
893,2,2,2,2
894,2,2,2,1
895,2,2,2,2
896,2,2,2,1
897,2,2,2,2
898,2,2,2,1
899,2,2,2,2
900,2,2,2,1
901,2,2,2,2
902,2,2,2,1
903,2,2,2,2
904,2,2,2,1
905,2,2,2,2
906,2,2,2,1
907,2,2,2,2
908,2,2,2,1
909,2,2,2,2
910,2,2,2,1
911,2,2,2,2
912,3,1,1,1
913,3,1,1,2
914,3,1,1,1
915,3,1,1,2
916,3,1,1,1
917,3,1,1,2
918,3,1,1,1
919,3,1,1,2
920,3,1,1,1
921,3,1,1,2
922,3,1,1,1
923,3,1,1,2
924,3,1,1,1
925,3,1,1,2
926,3,1,1,1
927,3,1,1,2
928,3,1,1,1
929,3,1,1,2
930,3,1,1,1
931,3,1,1,2
932,3,1,1,1
933,3,1,1,2
934,3,1,1,1
935,3,1,1,2
936,3,1,1,1
937,3,1,1,2
938,3,1,1,1
939,3,1,1,2
940,3,1,1,1
941,3,1,1,2
942,3,1,1,1
943,3,1,1,2
944,3,1,1,1
945,3,1,1,2
946,3,1,1,1
947,3,1,1,2
948,3,1,1,1
949,3,1,1,2
950,3,1,1,1
951,3,1,1,2
952,3,1,1,1
953,3,1,1,2
954,3,1,1,1
955,3,1,1,2
956,3,1,1,1
957,3,1,1,2
958,3,1,1,1
959,3,1,1,2
960,3,1,1,1
961,3,1,1,2
962,3,1,1,1
963,3,1,1,2
964,3,1,1,1
965,3,1,1,2
966,3,1,1,1
967,3,1,1,2
968,3,1,1,1
969,3,1,1,2
970,3,1,1,1
971,3,1,1,2
972,3,1,1,1
973,3,1,1,2
974,3,1,1,1
975,3,1,1,2
976,3,1,1,1
977,3,1,1,2
978,3,1,1,1
979,3,1,1,2
980,3,1,1,1
981,3,1,1,2
982,3,1,1,1
983,3,1,1,2
984,3,1,1,1
985,3,1,1,2
986,3,1,1,1
987,3,1,1,2
988,3,1,1,1
989,3,1,1,2
990,3,1,1,1
991,3,1,1,2
992,3,1,1,1
993,3,1,1,2
994,3,1,1,1
995,3,1,1,2
996,3,1,1,1
997,3,1,1,2
998,3,1,1,1
999,3,1,1,2
1000,3,1,1,1
1001,3,1,1,2
1002,3,1,1,1
1003,3,1,1,2
1004,3,1,1,1
1005,3,1,1,2
1006,3,1,1,1
1007,3,1,1,2
1008,3,1,1,1
1009,3,1,1,2
1010,3,1,1,1
1011,3,1,1,2
1012,3,1,1,1
1013,3,1,1,2
1014,3,1,1,1
1015,3,1,1,2
1016,3,1,1,1
1017,3,1,1,2
1018,3,1,1,1
1019,3,1,1,2
1020,3,1,1,1
1021,3,1,1,2
1022,3,1,1,1
1023,3,1,1,2
1024,3,1,1,1
1025,3,1,1,2
1026,3,1,1,1
1027,3,1,1,2
1028,3,1,1,1
1029,3,1,1,2
1030,3,1,1,1
1031,3,1,1,2
1032,3,1,1,1
1033,3,1,1,2
1034,3,1,1,1
1035,3,1,1,2
1036,3,1,1,1
1037,3,1,1,2
1038,3,1,1,1
1039,3,1,1,2
1040,3,1,1,1
1041,3,1,1,2
1042,3,1,1,1
1043,3,1,1,2
1044,3,1,1,1
1045,3,1,1,2
1046,3,1,1,1
1047,3,1,1,2
1048,3,1,1,1
1049,3,1,1,2
1050,3,1,1,1
1051,3,1,1,2
1052,3,1,1,1
1053,3,1,1,2
1054,3,1,1,1
1055,3,1,1,2
1056,3,1,1,1
1057,3,1,1,2
1058,3,1,1,1
1059,3,1,1,2
1060,3,1,1,1
1061,3,1,1,2
1062,3,1,1,1
1063,3,1,1,2
1064,3,1,1,1
1065,3,1,1,2
1066,3,1,1,1
1067,3,1,1,2
1068,3,2,1,1
1069,3,2,1,2
1070,3,2,1,1
1071,3,2,1,2
1072,3,2,1,1
1073,3,2,1,2
1074,3,2,1,1
1075,3,2,1,2
1076,3,2,1,1
1077,3,2,1,2
1078,3,2,1,1
1079,3,2,1,2
1080,3,2,1,1
1081,3,2,1,2
1082,3,2,1,1
1083,3,2,1,2
1084,3,2,1,1
1085,3,2,1,2
1086,3,2,1,1
1087,3,2,1,2
1088,3,2,1,1
1089,3,2,1,2
1090,3,2,1,1
1091,3,2,1,2
1092,3,2,1,1
1093,3,2,1,2
1094,3,2,1,1
1095,3,2,1,2
1096,3,2,1,1
1097,3,2,1,2
1098,3,2,1,1
1099,3,2,1,2
1100,3,2,1,1
1101,3,2,1,2
1102,3,2,1,1
1103,3,2,1,2
1104,3,2,1,1
1105,3,2,1,2
1106,3,2,1,1
1107,3,2,1,2
1108,3,2,1,1
1109,3,2,1,2
1110,3,2,1,1
1111,3,2,1,2
1112,3,2,1,1
1113,3,2,1,2
1114,3,2,1,1
1115,3,2,1,2
1116,3,2,1,1
1117,3,2,1,2
1118,3,2,1,1
1119,3,2,1,2
1120,3,2,1,1
1121,3,2,1,2
1122,3,2,1,1
1123,3,2,1,2
1124,3,2,1,1
1125,3,2,1,2
1126,3,2,1,1
1127,3,2,1,2
1128,3,2,1,1
1129,3,2,1,2
1130,3,2,1,1
1131,3,2,1,2
1132,3,2,1,1
1133,3,2,1,2
1134,3,2,1,1
1135,3,2,1,2
1136,3,2,1,1
1137,3,2,1,2
1138,3,2,1,1
1139,3,2,1,2
1140,3,2,1,1
1141,3,2,1,2
1142,3,2,1,1
1143,3,2,1,2
1144,3,2,1,1
1145,3,2,1,2
1146,3,2,1,1
1147,3,2,1,2
1148,3,2,1,1
1149,3,2,1,2
1150,3,2,1,1
1151,3,2,1,2
1152,3,2,1,1
1153,3,2,1,2
1154,3,2,1,1
1155,3,2,1,2
1156,3,2,1,1
1157,3,2,1,2
1158,3,2,1,1
1159,3,2,1,2
1160,3,2,1,1
1161,3,2,1,2
1162,3,2,1,1
1163,3,2,1,2
1164,3,2,1,1
1165,3,2,1,2
1166,3,2,1,1
1167,3,2,1,2
1168,3,2,1,1
1169,3,2,1,2
1170,3,2,1,1
1171,3,2,1,2
1172,3,2,1,1
1173,3,2,1,2
1174,3,2,1,1
1175,3,2,1,2
1176,3,2,1,1
1177,3,2,1,2
1178,3,2,1,1
1179,3,2,1,2
1180,3,2,1,1
1181,3,2,1,2
1182,3,2,1,1
1183,3,2,1,2
1184,3,2,1,1
1185,3,2,1,2
1186,3,2,1,1
1187,3,2,1,2
1188,3,2,1,1
1189,3,2,1,2
1190,3,2,1,1
1191,3,2,1,2
1192,3,2,1,1
1193,3,2,1,2
1194,3,2,1,1
1195,3,2,1,2
1196,3,2,1,1
1197,3,2,1,2
1198,3,2,1,1
1199,3,2,1,2
1200,3,2,1,1
1201,3,2,1,2
1202,3,2,1,1
1203,3,2,1,2
1204,3,2,1,1
1205,3,2,1,2
1206,3,2,1,1
1207,3,2,1,2
1208,3,2,1,1
1209,3,2,1,2
1210,3,2,1,1
1211,3,2,1,2
1212,3,2,1,1
1213,3,2,1,2
1214,3,2,1,1
1215,3,2,1,2
1216,3,1,2,1
1217,3,1,2,2
1218,3,1,2,1
1219,3,1,2,2
1220,3,1,2,1
1221,3,1,2,2
1222,3,1,2,1
1223,3,1,2,2
1224,3,1,2,1
1225,3,1,2,2
1226,3,1,2,1
1227,3,1,2,2
1228,3,1,2,1
1229,3,1,2,2
1230,3,1,2,1
1231,3,1,2,2
1232,3,1,2,1
1233,3,1,2,2
1234,3,1,2,1
1235,3,1,2,2
1236,3,1,2,1
1237,3,1,2,2
1238,3,1,2,1
1239,3,1,2,2
1240,3,1,2,1
1241,3,1,2,2
1242,3,1,2,1
1243,3,1,2,2
1244,3,1,2,1
1245,3,1,2,2
1246,3,1,2,1
1247,3,1,2,2
1248,3,1,2,1
1249,3,1,2,2
1250,3,1,2,1
1251,3,1,2,2
1252,3,1,2,1
1253,3,1,2,2
1254,3,1,2,1
1255,3,1,2,2
1256,3,1,2,1
1257,3,1,2,2
1258,3,1,2,1
1259,3,1,2,2
1260,3,1,2,1
1261,3,1,2,2
1262,3,1,2,1
1263,3,1,2,2
1264,3,1,2,1
1265,3,1,2,2
1266,3,1,2,1
1267,3,1,2,2
1268,3,1,2,1
1269,3,1,2,2
1270,3,1,2,1
1271,3,1,2,2
1272,3,1,2,1
1273,3,1,2,2
1274,3,1,2,1
1275,3,1,2,2
1276,3,1,2,1
1277,3,1,2,2
1278,3,1,2,1
1279,3,1,2,2
1280,3,1,2,1
1281,3,1,2,2
1282,3,1,2,1
1283,3,1,2,2
1284,3,1,2,1
1285,3,1,2,2
1286,3,1,2,1
1287,3,1,2,2
1288,3,1,2,1
1289,3,1,2,2
1290,3,1,2,1
1291,3,1,2,2
1292,3,1,2,1
1293,3,1,2,2
1294,3,1,2,1
1295,3,1,2,2
1296,3,1,2,1
1297,3,1,2,2
1298,3,1,2,1
1299,3,1,2,2
1300,3,1,2,1
1301,3,1,2,2
1302,3,1,2,1
1303,3,1,2,2
1304,3,1,2,1
1305,3,1,2,2
1306,3,1,2,1
1307,3,1,2,2
1308,3,1,2,1
1309,3,1,2,2
1310,3,1,2,1
1311,3,1,2,2
1312,3,1,2,1
1313,3,1,2,2
1314,3,1,2,1
1315,3,1,2,2
1316,3,1,2,1
1317,3,1,2,2
1318,3,1,2,1
1319,3,1,2,2
1320,3,1,2,1
1321,3,1,2,2
1322,3,1,2,1
1323,3,1,2,2
1324,3,1,2,1
1325,3,1,2,2
1326,3,1,2,1
1327,3,1,2,2
1328,3,1,2,1
1329,3,1,2,2
1330,3,1,2,1
1331,3,1,2,2
1332,3,1,2,1
1333,3,1,2,2
1334,3,1,2,1
1335,3,1,2,2
1336,3,1,2,1
1337,3,1,2,2
1338,3,1,2,1
1339,3,1,2,2
1340,3,1,2,1
1341,3,1,2,2
1342,3,1,2,1
1343,3,1,2,2
1344,3,1,2,1
1345,3,1,2,2
1346,3,1,2,1
1347,3,1,2,2
1348,3,1,2,1
1349,3,1,2,2
1350,3,1,2,1
1351,3,1,2,2
1352,3,1,2,1
1353,3,1,2,2
1354,3,1,2,1
1355,3,1,2,2
1356,3,1,2,1
1357,3,1,2,2
1358,3,1,2,1
1359,3,1,2,2
1360,3,1,2,1
1361,3,1,2,2
1362,3,1,2,1
1363,3,1,2,2
1364,3,1,2,1
1365,3,1,2,2
1366,3,1,2,1
1367,3,1,2,2
1368,3,1,2,1
1369,3,1,2,2
1370,3,1,2,1
1371,3,1,2,2
1372,3,2,2,1
1373,3,2,2,2
1374,3,2,2,1
1375,3,2,2,2
1376,3,2,2,1
1377,3,2,2,2
1378,3,2,2,1
1379,3,2,2,2
1380,3,2,2,1
1381,3,2,2,2
1382,3,2,2,1
1383,3,2,2,2
1384,3,2,2,1
1385,3,2,2,2
1386,3,2,2,1
1387,3,2,2,2
1388,3,2,2,1
1389,3,2,2,2
1390,3,2,2,1
1391,3,2,2,2
1392,3,2,2,1
1393,3,2,2,2
1394,3,2,2,1
1395,3,2,2,2
1396,3,2,2,1
1397,3,2,2,2
1398,3,2,2,1
1399,3,2,2,2
1400,3,2,2,1
1401,3,2,2,2
1402,3,2,2,1
1403,3,2,2,2
1404,3,2,2,1
1405,3,2,2,2
1406,3,2,2,1
1407,3,2,2,2
1408,3,2,2,1
1409,3,2,2,2
1410,3,2,2,1
1411,3,2,2,2
1412,3,2,2,1
1413,3,2,2,2
1414,3,2,2,1
1415,3,2,2,2
1416,3,2,2,1
1417,3,2,2,2
1418,3,2,2,1
1419,3,2,2,2
1420,3,2,2,1
1421,3,2,2,2
1422,3,2,2,1
1423,3,2,2,2
1424,3,2,2,1
1425,3,2,2,2
1426,3,2,2,1
1427,3,2,2,2
1428,3,2,2,1
1429,3,2,2,2
1430,3,2,2,1
1431,3,2,2,2
1432,3,2,2,1
1433,3,2,2,2
1434,3,2,2,1
1435,3,2,2,2
1436,3,2,2,1
1437,3,2,2,2
1438,3,2,2,1
1439,3,2,2,2
1440,3,2,2,1
1441,3,2,2,2
1442,3,2,2,1
1443,3,2,2,2
1444,3,2,2,1
1445,3,2,2,2
1446,3,2,2,1
1447,3,2,2,2
1448,3,2,2,1
1449,3,2,2,2
1450,3,2,2,1
1451,3,2,2,2
1452,3,2,2,1
1453,3,2,2,2
1454,3,2,2,1
1455,3,2,2,2
1456,3,2,2,1
1457,3,2,2,2
1458,3,2,2,1
1459,3,2,2,2
1460,3,2,2,1
1461,3,2,2,2
1462,3,2,2,1
1463,3,2,2,2
1464,3,2,2,1
1465,3,2,2,2
1466,3,2,2,1
1467,3,2,2,2
1468,3,2,2,1
1469,3,2,2,2
1470,3,2,2,1
1471,3,2,2,2
1472,3,2,2,1
1473,3,2,2,2
1474,3,2,2,1
1475,3,2,2,2
1476,3,2,2,1
1477,3,2,2,2
1478,3,2,2,1
1479,3,2,2,2
1480,3,2,2,1
1481,3,2,2,2
1482,3,2,2,1
1483,3,2,2,2
1484,3,2,2,1
1485,3,2,2,2
1486,3,2,2,1
1487,3,2,2,2
1488,3,2,2,1
1489,3,2,2,2
1490,3,2,2,1
1491,3,2,2,2
1492,3,2,2,1
1493,3,2,2,2
1494,3,2,2,1
1495,3,2,2,2
1496,3,2,2,1
1497,3,2,2,2
1498,3,2,2,1
1499,3,2,2,2
1500,3,2,2,1
1501,3,2,2,2
1502,3,2,2,1
1503,3,2,2,2
1504,3,2,2,1
1505,3,2,2,2
1506,3,2,2,1
1507,3,2,2,2
1508,3,2,2,1
1509,3,2,2,2
1510,3,2,2,1
1511,3,2,2,2
1512,3,2,2,1
1513,3,2,2,2
1514,3,2,2,1
1515,3,2,2,2
1516,3,2,2,1
1517,3,2,2,2
1518,3,2,2,1
1519,3,2,2,2
1520,4,1,1,1
1521,4,1,1,2
1522,4,1,1,1
1523,4,1,1,2
1524,4,1,1,1
1525,4,1,1,2
1526,4,1,1,1
1527,4,1,1,2
1528,4,1,1,1
1529,4,1,1,2
1530,4,1,1,1
1531,4,1,1,2
1532,4,1,1,1
1533,4,1,1,2
1534,4,1,1,1
1535,4,1,1,2
1536,4,1,1,1
1537,4,1,1,2
1538,4,1,1,1
1539,4,1,1,2
1540,4,1,1,1
1541,4,1,1,2
1542,4,1,1,1
1543,4,1,1,2
1544,4,1,1,1
1545,4,1,1,2
1546,4,1,1,1
1547,4,1,1,2
1548,4,1,1,1
1549,4,1,1,2
1550,4,1,1,1
1551,4,1,1,2
1552,4,1,1,1
1553,4,1,1,2
1554,4,1,1,1
1555,4,1,1,2
1556,4,1,1,1
1557,4,1,1,2
1558,4,1,1,1
1559,4,1,1,2
1560,4,1,1,1
1561,4,1,1,2
1562,4,1,1,1
1563,4,1,1,2
1564,4,1,1,1
1565,4,1,1,2
1566,4,1,1,1
1567,4,1,1,2
1568,4,1,1,1
1569,4,1,1,2
1570,4,1,1,1
1571,4,1,1,2
1572,4,1,1,1
1573,4,1,1,2
1574,4,1,1,1
1575,4,1,1,2
1576,4,1,1,1
1577,4,1,1,2
1578,4,1,1,1
1579,4,1,1,2
1580,4,1,1,1
1581,4,1,1,2
1582,4,1,1,1
1583,4,1,1,2
1584,4,1,1,1
1585,4,1,1,2
1586,4,1,1,1
1587,4,1,1,2
1588,4,1,1,1
1589,4,1,1,2
1590,4,1,1,1
1591,4,1,1,2
1592,4,1,1,1
1593,4,1,1,2
1594,4,1,1,1
1595,4,1,1,2
1596,4,1,1,1
1597,4,1,1,2
1598,4,1,1,1
1599,4,1,1,2
1600,4,1,1,1
1601,4,1,1,2
1602,4,1,1,1
1603,4,1,1,2
1604,4,1,1,1
1605,4,1,1,2
1606,4,1,1,1
1607,4,1,1,2
1608,4,1,1,1
1609,4,1,1,2
1610,4,1,1,1
1611,4,1,1,2
1612,4,1,1,1
1613,4,1,1,2
1614,4,1,1,1
1615,4,1,1,2
1616,4,1,1,1
1617,4,1,1,2
1618,4,1,1,1
1619,4,1,1,2
1620,4,1,1,1
1621,4,1,1,2
1622,4,1,1,1
1623,4,1,1,2
1624,4,1,1,1
1625,4,1,1,2
1626,4,1,1,1
1627,4,1,1,2
1628,4,1,1,1
1629,4,1,1,2
1630,4,1,1,1
1631,4,1,1,2
1632,4,1,1,1
1633,4,1,1,2
1634,4,1,1,1
1635,4,1,1,2
1636,4,1,1,1
1637,4,1,1,2
1638,4,1,1,1
1639,4,1,1,2
1640,4,1,1,1
1641,4,1,1,2
1642,4,1,1,1
1643,4,1,1,2
1644,4,1,1,1
1645,4,1,1,2
1646,4,1,1,1
1647,4,1,1,2
1648,4,1,1,1
1649,4,1,1,2
1650,4,1,1,1
1651,4,1,1,2
1652,4,1,1,1
1653,4,1,1,2
1654,4,1,1,1
1655,4,1,1,2
1656,4,1,1,1
1657,4,1,1,2
1658,4,2,1,1
1659,4,2,1,2
1660,4,2,1,1
1661,4,2,1,2
1662,4,2,1,1
1663,4,2,1,2
1664,4,2,1,1
1665,4,2,1,2
1666,4,2,1,1
1667,4,2,1,2
1668,4,2,1,1
1669,4,2,1,2
1670,4,2,1,1
1671,4,2,1,2
1672,4,2,1,1
1673,4,2,1,2
1674,4,2,1,1
1675,4,2,1,2
1676,4,2,1,1
1677,4,2,1,2
1678,4,2,1,1
1679,4,2,1,2
1680,4,2,1,1
1681,4,2,1,2
1682,4,2,1,1
1683,4,2,1,2
1684,4,2,1,1
1685,4,2,1,2
1686,4,2,1,1
1687,4,2,1,2
1688,4,2,1,1
1689,4,2,1,2
1690,4,2,1,1
1691,4,2,1,2
1692,4,2,1,1
1693,4,2,1,2
1694,4,2,1,1
1695,4,2,1,2
1696,4,2,1,1
1697,4,2,1,2
1698,4,2,1,1
1699,4,2,1,2
1700,4,2,1,1
1701,4,2,1,2
1702,4,2,1,1
1703,4,2,1,2
1704,4,2,1,1
1705,4,2,1,2
1706,4,2,1,1
1707,4,2,1,2
1708,4,2,1,1
1709,4,2,1,2
1710,4,2,1,1
1711,4,2,1,2
1712,4,2,1,1
1713,4,2,1,2
1714,4,2,1,1
1715,4,2,1,2
1716,4,2,1,1
1717,4,2,1,2
1718,4,2,1,1
1719,4,2,1,2
1720,4,2,1,1
1721,4,2,1,2
1722,4,2,1,1
1723,4,2,1,2
1724,4,2,1,1
1725,4,2,1,2
1726,4,2,1,1
1727,4,2,1,2
1728,4,2,1,1
1729,4,2,1,2
1730,4,2,1,1
1731,4,2,1,2
1732,4,2,1,1
1733,4,2,1,2
1734,4,2,1,1
1735,4,2,1,2
1736,4,2,1,1
1737,4,2,1,2
1738,4,2,1,1
1739,4,2,1,2
1740,4,2,1,1
1741,4,2,1,2
1742,4,2,1,1
1743,4,2,1,2
1744,4,2,1,1
1745,4,2,1,2
1746,4,2,1,1
1747,4,2,1,2
1748,4,2,1,1
1749,4,2,1,2
1750,4,2,1,1
1751,4,2,1,2
1752,4,2,1,1
1753,4,2,1,2
1754,4,2,1,1
1755,4,2,1,2
1756,4,2,1,1
1757,4,2,1,2
1758,4,2,1,1
1759,4,2,1,2
1760,4,2,1,1
1761,4,2,1,2
1762,4,2,1,1
1763,4,2,1,2
1764,4,2,1,1
1765,4,2,1,2
1766,4,2,1,1
1767,4,2,1,2
1768,4,2,1,1
1769,4,2,1,2
1770,4,2,1,1
1771,4,2,1,2
1772,4,2,1,1
1773,4,2,1,2
1774,4,2,1,1
1775,4,2,1,2
1776,4,2,1,1
1777,4,2,1,2
1778,4,2,1,1
1779,4,2,1,2
1780,4,2,1,1
1781,4,2,1,2
1782,4,2,1,1
1783,4,2,1,2
1784,4,2,1,1
1785,4,2,1,2
1786,4,2,1,1
1787,4,2,1,2
1788,4,2,1,1
1789,4,2,1,2
1790,4,2,1,1
1791,4,2,1,2
1792,4,1,2,1
1793,4,1,2,2
1794,4,1,2,1
1795,4,1,2,2
1796,4,1,2,1
1797,4,1,2,2
1798,4,1,2,1
1799,4,1,2,2
1800,4,1,2,1
1801,4,1,2,2
1802,4,1,2,1
1803,4,1,2,2
1804,4,1,2,1
1805,4,1,2,2
1806,4,1,2,1
1807,4,1,2,2
1808,4,1,2,1
1809,4,1,2,2
1810,4,1,2,1
1811,4,1,2,2
1812,4,1,2,1
1813,4,1,2,2
1814,4,1,2,1
1815,4,1,2,2
1816,4,1,2,1
1817,4,1,2,2
1818,4,1,2,1
1819,4,1,2,2
1820,4,1,2,1
1821,4,1,2,2
1822,4,1,2,1
1823,4,1,2,2
1824,4,1,2,1
1825,4,1,2,2
1826,4,1,2,1
1827,4,1,2,2
1828,4,1,2,1
1829,4,1,2,2
1830,4,1,2,1
1831,4,1,2,2
1832,4,1,2,1
1833,4,1,2,2
1834,4,1,2,1
1835,4,1,2,2
1836,4,1,2,1
1837,4,1,2,2
1838,4,1,2,1
1839,4,1,2,2
1840,4,1,2,1
1841,4,1,2,2
1842,4,1,2,1
1843,4,1,2,2
1844,4,1,2,1
1845,4,1,2,2
1846,4,1,2,1
1847,4,1,2,2
1848,4,1,2,1
1849,4,1,2,2
1850,4,1,2,1
1851,4,1,2,2
1852,4,1,2,1
1853,4,1,2,2
1854,4,1,2,1
1855,4,1,2,2
1856,4,1,2,1
1857,4,1,2,2
1858,4,1,2,1
1859,4,1,2,2
1860,4,1,2,1
1861,4,1,2,2
1862,4,1,2,1
1863,4,1,2,2
1864,4,1,2,1
1865,4,1,2,2
1866,4,1,2,1
1867,4,1,2,2
1868,4,1,2,1
1869,4,1,2,2
1870,4,1,2,1
1871,4,1,2,2
1872,4,1,2,1
1873,4,1,2,2
1874,4,1,2,1
1875,4,1,2,2
1876,4,1,2,1
1877,4,1,2,2
1878,4,1,2,1
1879,4,1,2,2
1880,4,1,2,1
1881,4,1,2,2
1882,4,1,2,1
1883,4,1,2,2
1884,4,1,2,1
1885,4,1,2,2
1886,4,1,2,1
1887,4,1,2,2
1888,4,1,2,1
1889,4,1,2,2
1890,4,1,2,1
1891,4,1,2,2
1892,4,1,2,1
1893,4,1,2,2
1894,4,1,2,1
1895,4,1,2,2
1896,4,1,2,1
1897,4,1,2,2
1898,4,1,2,1
1899,4,1,2,2
1900,4,1,2,1
1901,4,1,2,2
1902,4,1,2,1
1903,4,1,2,2
1904,4,1,2,1
1905,4,1,2,2
1906,4,1,2,1
1907,4,1,2,2
1908,4,1,2,1
1909,4,1,2,2
1910,4,1,2,1
1911,4,1,2,2
1912,4,1,2,1
1913,4,1,2,2
1914,4,1,2,1
1915,4,1,2,2
1916,4,1,2,1
1917,4,1,2,2
1918,4,1,2,1
1919,4,1,2,2
1920,4,1,2,1
1921,4,1,2,2
1922,4,1,2,1
1923,4,1,2,2
1924,4,1,2,1
1925,4,1,2,2
1926,4,1,2,1
1927,4,1,2,2
1928,4,1,2,1
1929,4,1,2,2
1930,4,2,2,1
1931,4,2,2,2
1932,4,2,2,1
1933,4,2,2,2
1934,4,2,2,1
1935,4,2,2,2
1936,4,2,2,1
1937,4,2,2,2
1938,4,2,2,1
1939,4,2,2,2
1940,4,2,2,1
1941,4,2,2,2
1942,4,2,2,1
1943,4,2,2,2
1944,4,2,2,1
1945,4,2,2,2
1946,4,2,2,1
1947,4,2,2,2
1948,4,2,2,1
1949,4,2,2,2
1950,4,2,2,1
1951,4,2,2,2
1952,4,2,2,1
1953,4,2,2,2
1954,4,2,2,1
1955,4,2,2,2
1956,4,2,2,1
1957,4,2,2,2
1958,4,2,2,1
1959,4,2,2,2
1960,4,2,2,1
1961,4,2,2,2
1962,4,2,2,1
1963,4,2,2,2
1964,4,2,2,1
1965,4,2,2,2
1966,4,2,2,1
1967,4,2,2,2
1968,4,2,2,1
1969,4,2,2,2
1970,4,2,2,1
1971,4,2,2,2
1972,4,2,2,1
1973,4,2,2,2
1974,4,2,2,1
1975,4,2,2,2
1976,4,2,2,1
1977,4,2,2,2
1978,4,2,2,1
1979,4,2,2,2
1980,4,2,2,1
1981,4,2,2,2
1982,4,2,2,1
1983,4,2,2,2
1984,4,2,2,1
1985,4,2,2,2
1986,4,2,2,1
1987,4,2,2,2
1988,4,2,2,1
1989,4,2,2,2
1990,4,2,2,1
1991,4,2,2,2
1992,4,2,2,1
1993,4,2,2,2
1994,4,2,2,1
1995,4,2,2,2
1996,4,2,2,1
1997,4,2,2,2
1998,4,2,2,1
1999,4,2,2,2
2000,4,2,2,1
2001,4,2,2,2
2002,4,2,2,1
2003,4,2,2,2
2004,4,2,2,1
2005,4,2,2,2
2006,4,2,2,1
2007,4,2,2,2
2008,4,2,2,1
2009,4,2,2,2
2010,4,2,2,1
2011,4,2,2,2
2012,4,2,2,1
2013,4,2,2,2
2014,4,2,2,1
2015,4,2,2,2
2016,4,2,2,1
2017,4,2,2,2
2018,4,2,2,1
2019,4,2,2,2
2020,4,2,2,1
2021,4,2,2,2
2022,4,2,2,1
2023,4,2,2,2
2024,4,2,2,1
2025,4,2,2,2
2026,4,2,2,1
2027,4,2,2,2
2028,4,2,2,1
2029,4,2,2,2
2030,4,2,2,1
2031,4,2,2,2
2032,4,2,2,1
2033,4,2,2,2
2034,4,2,2,1
2035,4,2,2,2
2036,4,2,2,1
2037,4,2,2,2
2038,4,2,2,1
2039,4,2,2,2
2040,4,2,2,1
2041,4,2,2,2
2042,4,2,2,1
2043,4,2,2,2
2044,4,2,2,1
2045,4,2,2,2
2046,4,2,2,1
2047,4,2,2,2
2048,4,2,2,1
2049,4,2,2,2
2050,4,2,2,1
2051,4,2,2,2
2052,4,2,2,1
2053,4,2,2,2
2054,4,2,2,1
2055,4,2,2,2
2056,4,2,2,1
2057,4,2,2,2
2058,4,2,2,1
2059,4,2,2,2
2060,4,2,2,1
2061,4,2,2,2
2062,4,2,2,1
2063,4,2,2,2
2064,5,1,1,1
2065,5,1,1,2
2066,5,1,1,1
2067,5,1,1,2
2068,5,1,1,1
2069,5,1,1,2
2070,5,1,1,1
2071,5,1,1,2
2072,5,1,1,1
2073,5,1,1,2
2074,5,1,1,1
2075,5,1,1,2
2076,5,1,1,1
2077,5,1,1,2
2078,5,1,1,1
2079,5,1,1,2
2080,5,1,1,1
2081,5,1,1,2
2082,5,1,1,1
2083,5,1,1,2
2084,5,1,1,1
2085,5,1,1,2
2086,5,1,1,1
2087,5,1,1,2
2088,5,1,1,1
2089,5,1,1,2
2090,5,1,1,1
2091,5,1,1,2
2092,5,1,1,1
2093,5,1,1,2
2094,5,1,1,1
2095,5,1,1,2
2096,5,1,1,1
2097,5,1,1,2
2098,5,1,1,1
2099,5,1,1,2
2100,5,1,1,1
2101,5,1,1,2
2102,5,1,1,1
2103,5,1,1,2
2104,5,1,1,1
2105,5,1,1,2
2106,5,1,1,1
2107,5,1,1,2
2108,5,1,1,1
2109,5,1,1,2
2110,5,1,1,1
2111,5,1,1,2
2112,5,1,1,1
2113,5,1,1,2
2114,5,1,1,1
2115,5,1,1,2
2116,5,1,1,1
2117,5,1,1,2
2118,5,1,1,1
2119,5,1,1,2
2120,5,1,1,1
2121,5,1,1,2
2122,5,1,1,1
2123,5,1,1,2
2124,5,1,1,1
2125,5,1,1,2
2126,5,1,1,1
2127,5,1,1,2
2128,5,1,1,1
2129,5,1,1,2
2130,5,1,1,1
2131,5,1,1,2
2132,5,1,1,1
2133,5,1,1,2
2134,5,1,1,1
2135,5,1,1,2
2136,5,1,1,1
2137,5,1,1,2
2138,5,1,1,1
2139,5,1,1,2
2140,5,1,1,1
2141,5,1,1,2
2142,5,1,1,1
2143,5,1,1,2
2144,5,1,1,1
2145,5,1,1,2
2146,5,1,1,1
2147,5,1,1,2
2148,5,1,1,1
2149,5,1,1,2
2150,5,1,1,1
2151,5,1,1,2
2152,5,1,1,1
2153,5,1,1,2
2154,5,1,1,1
2155,5,1,1,2
2156,5,1,1,1
2157,5,1,1,2
2158,5,1,1,1
2159,5,1,1,2
2160,5,1,1,1
2161,5,1,1,2
2162,5,1,1,1
2163,5,1,1,2
2164,5,1,1,1
2165,5,1,1,2
2166,5,1,1,1
2167,5,1,1,2
2168,5,1,1,1
2169,5,1,1,2
2170,5,1,1,1
2171,5,1,1,2
2172,5,1,1,1
2173,5,1,1,2
2174,5,1,1,1
2175,5,1,1,2
2176,5,1,1,1
2177,5,1,1,2
2178,5,1,1,1
2179,5,1,1,2
2180,5,1,1,1
2181,5,1,1,2
2182,5,1,1,1
2183,5,1,1,2
2184,5,1,1,1
2185,5,1,1,2
2186,5,1,1,1
2187,5,1,1,2
2188,5,1,1,1
2189,5,1,1,2
2190,5,1,1,1
2191,5,1,1,2
2192,5,1,1,1
2193,5,1,1,2
2194,5,1,1,1
2195,5,1,1,2
2196,5,1,1,1
2197,5,1,1,2
2198,5,1,1,1
2199,5,1,1,2
2200,5,2,1,1
2201,5,2,1,2
2202,5,2,1,1
2203,5,2,1,2
2204,5,2,1,1
2205,5,2,1,2
2206,5,2,1,1
2207,5,2,1,2
2208,5,2,1,1
2209,5,2,1,2
2210,5,2,1,1
2211,5,2,1,2
2212,5,2,1,1
2213,5,2,1,2
2214,5,2,1,1
2215,5,2,1,2
2216,5,2,1,1
2217,5,2,1,2
2218,5,2,1,1
2219,5,2,1,2
2220,5,2,1,1
2221,5,2,1,2
2222,5,2,1,1
2223,5,2,1,2
2224,5,2,1,1
2225,5,2,1,2
2226,5,2,1,1
2227,5,2,1,2
2228,5,2,1,1
2229,5,2,1,2
2230,5,2,1,1
2231,5,2,1,2
2232,5,2,1,1
2233,5,2,1,2
2234,5,2,1,1
2235,5,2,1,2
2236,5,2,1,1
2237,5,2,1,2
2238,5,2,1,1
2239,5,2,1,2
2240,5,2,1,1
2241,5,2,1,2
2242,5,2,1,1
2243,5,2,1,2
2244,5,2,1,1
2245,5,2,1,2
2246,5,2,1,1
2247,5,2,1,2
2248,5,2,1,1
2249,5,2,1,2
2250,5,2,1,1
2251,5,2,1,2
2252,5,2,1,1
2253,5,2,1,2
2254,5,2,1,1
2255,5,2,1,2
2256,5,2,1,1
2257,5,2,1,2
2258,5,2,1,1
2259,5,2,1,2
2260,5,2,1,1
2261,5,2,1,2
2262,5,2,1,1
2263,5,2,1,2
2264,5,2,1,1
2265,5,2,1,2
2266,5,2,1,1
2267,5,2,1,2
2268,5,2,1,1
2269,5,2,1,2
2270,5,2,1,1
2271,5,2,1,2
2272,5,2,1,1
2273,5,2,1,2
2274,5,2,1,1
2275,5,2,1,2
2276,5,2,1,1
2277,5,2,1,2
2278,5,2,1,1
2279,5,2,1,2
2280,5,2,1,1
2281,5,2,1,2
2282,5,2,1,1
2283,5,2,1,2
2284,5,2,1,1
2285,5,2,1,2
2286,5,2,1,1
2287,5,2,1,2
2288,5,2,1,1
2289,5,2,1,2
2290,5,2,1,1
2291,5,2,1,2
2292,5,2,1,1
2293,5,2,1,2
2294,5,2,1,1
2295,5,2,1,2
2296,5,2,1,1
2297,5,2,1,2
2298,5,2,1,1
2299,5,2,1,2
2300,5,2,1,1
2301,5,2,1,2
2302,5,2,1,1
2303,5,2,1,2
2304,5,2,1,1
2305,5,2,1,2
2306,5,2,1,1
2307,5,2,1,2
2308,5,2,1,1
2309,5,2,1,2
2310,5,2,1,1
2311,5,2,1,2
2312,5,2,1,1
2313,5,2,1,2
2314,5,2,1,1
2315,5,2,1,2
2316,5,2,1,1
2317,5,2,1,2
2318,5,2,1,1
2319,5,2,1,2
2320,5,2,1,1
2321,5,2,1,2
2322,5,2,1,1
2323,5,2,1,2
2324,5,2,1,1
2325,5,2,1,2
2326,5,2,1,1
2327,5,2,1,2
2328,5,2,1,1
2329,5,2,1,2
2330,5,2,1,1
2331,5,2,1,2
2332,5,2,1,1
2333,5,2,1,2
2334,5,2,1,1
2335,5,2,1,2
2336,5,2,1,1
2337,5,2,1,2
2338,5,2,1,1
2339,5,2,1,2
2340,5,2,1,1
2341,5,2,1,2
2342,5,2,1,1
2343,5,2,1,2
2344,5,2,1,1
2345,5,2,1,2
2346,5,2,1,1
2347,5,2,1,2
2348,5,1,2,1
2349,5,1,2,2
2350,5,1,2,1
2351,5,1,2,2
2352,5,1,2,1
2353,5,1,2,2
2354,5,1,2,1
2355,5,1,2,2
2356,5,1,2,1
2357,5,1,2,2
2358,5,1,2,1
2359,5,1,2,2
2360,5,1,2,1
2361,5,1,2,2
2362,5,1,2,1
2363,5,1,2,2
2364,5,1,2,1
2365,5,1,2,2
2366,5,1,2,1
2367,5,1,2,2
2368,5,1,2,1
2369,5,1,2,2
2370,5,1,2,1
2371,5,1,2,2
2372,5,1,2,1
2373,5,1,2,2
2374,5,1,2,1
2375,5,1,2,2
2376,5,1,2,1
2377,5,1,2,2
2378,5,1,2,1
2379,5,1,2,2
2380,5,1,2,1
2381,5,1,2,2
2382,5,1,2,1
2383,5,1,2,2
2384,5,1,2,1
2385,5,1,2,2
2386,5,1,2,1
2387,5,1,2,2
2388,5,1,2,1
2389,5,1,2,2
2390,5,1,2,1
2391,5,1,2,2
2392,5,1,2,1
2393,5,1,2,2
2394,5,1,2,1
2395,5,1,2,2
2396,5,1,2,1
2397,5,1,2,2
2398,5,1,2,1
2399,5,1,2,2
2400,5,1,2,1
2401,5,1,2,2
2402,5,1,2,1
2403,5,1,2,2
2404,5,1,2,1
2405,5,1,2,2
2406,5,1,2,1
2407,5,1,2,2
2408,5,1,2,1
2409,5,1,2,2
2410,5,1,2,1
2411,5,1,2,2
2412,5,1,2,1
2413,5,1,2,2
2414,5,1,2,1
2415,5,1,2,2
2416,5,1,2,1
2417,5,1,2,2
2418,5,1,2,1
2419,5,1,2,2
2420,5,1,2,1
2421,5,1,2,2
2422,5,1,2,1
2423,5,1,2,2
2424,5,1,2,1
2425,5,1,2,2
2426,5,1,2,1
2427,5,1,2,2
2428,5,1,2,1
2429,5,1,2,2
2430,5,1,2,1
2431,5,1,2,2
2432,5,1,2,1
2433,5,1,2,2
2434,5,1,2,1
2435,5,1,2,2
2436,5,1,2,1
2437,5,1,2,2
2438,5,1,2,1
2439,5,1,2,2
2440,5,1,2,1
2441,5,1,2,2
2442,5,1,2,1
2443,5,1,2,2
2444,5,1,2,1
2445,5,1,2,2
2446,5,1,2,1
2447,5,1,2,2
2448,5,1,2,1
2449,5,1,2,2
2450,5,1,2,1
2451,5,1,2,2
2452,5,1,2,1
2453,5,1,2,2
2454,5,1,2,1
2455,5,1,2,2
2456,5,1,2,1
2457,5,1,2,2
2458,5,1,2,1
2459,5,1,2,2
2460,5,1,2,1
2461,5,1,2,2
2462,5,1,2,1
2463,5,1,2,2
2464,5,1,2,1
2465,5,1,2,2
2466,5,1,2,1
2467,5,1,2,2
2468,5,1,2,1
2469,5,1,2,2
2470,5,1,2,1
2471,5,1,2,2
2472,5,1,2,1
2473,5,1,2,2
2474,5,1,2,1
2475,5,1,2,2
2476,5,1,2,1
2477,5,1,2,2
2478,5,1,2,1
2479,5,1,2,2
2480,5,1,2,1
2481,5,1,2,2
2482,5,1,2,1
2483,5,1,2,2
2484,5,2,2,1
2485,5,2,2,2
2486,5,2,2,1
2487,5,2,2,2
2488,5,2,2,1
2489,5,2,2,2
2490,5,2,2,1
2491,5,2,2,2
2492,5,2,2,1
2493,5,2,2,2
2494,5,2,2,1
2495,5,2,2,2
2496,5,2,2,1
2497,5,2,2,2
2498,5,2,2,1
2499,5,2,2,2
2500,5,2,2,1
2501,5,2,2,2
2502,5,2,2,1
2503,5,2,2,2
2504,5,2,2,1
2505,5,2,2,2
2506,5,2,2,1
2507,5,2,2,2
2508,5,2,2,1
2509,5,2,2,2
2510,5,2,2,1
2511,5,2,2,2
2512,5,2,2,1
2513,5,2,2,2
2514,5,2,2,1
2515,5,2,2,2
2516,5,2,2,1
2517,5,2,2,2
2518,5,2,2,1
2519,5,2,2,2
2520,5,2,2,1
2521,5,2,2,2
2522,5,2,2,1
2523,5,2,2,2
2524,5,2,2,1
2525,5,2,2,2
2526,5,2,2,1
2527,5,2,2,2
2528,5,2,2,1
2529,5,2,2,2
2530,5,2,2,1
2531,5,2,2,2
2532,5,2,2,1
2533,5,2,2,2
2534,5,2,2,1
2535,5,2,2,2
2536,5,2,2,1
2537,5,2,2,2
2538,5,2,2,1
2539,5,2,2,2
2540,5,2,2,1
2541,5,2,2,2
2542,5,2,2,1
2543,5,2,2,2
2544,5,2,2,1
2545,5,2,2,2
2546,5,2,2,1
2547,5,2,2,2
2548,5,2,2,1
2549,5,2,2,2
2550,5,2,2,1
2551,5,2,2,2
2552,5,2,2,1
2553,5,2,2,2
2554,5,2,2,1
2555,5,2,2,2
2556,5,2,2,1
2557,5,2,2,2
2558,5,2,2,1
2559,5,2,2,2
2560,5,2,2,1
2561,5,2,2,2
2562,5,2,2,1
2563,5,2,2,2
2564,5,2,2,1
2565,5,2,2,2
2566,5,2,2,1
2567,5,2,2,2
2568,5,2,2,1
2569,5,2,2,2
2570,5,2,2,1
2571,5,2,2,2
2572,5,2,2,1
2573,5,2,2,2
2574,5,2,2,1
2575,5,2,2,2
2576,5,2,2,1
2577,5,2,2,2
2578,5,2,2,1
2579,5,2,2,2
2580,5,2,2,1
2581,5,2,2,2
2582,5,2,2,1
2583,5,2,2,2
2584,5,2,2,1
2585,5,2,2,2
2586,5,2,2,1
2587,5,2,2,2
2588,5,2,2,1
2589,5,2,2,2
2590,5,2,2,1
2591,5,2,2,2
2592,5,2,2,1
2593,5,2,2,2
2594,5,2,2,1
2595,5,2,2,2
2596,5,2,2,1
2597,5,2,2,2
2598,5,2,2,1
2599,5,2,2,2
2600,5,2,2,1
2601,5,2,2,2
2602,5,2,2,1
2603,5,2,2,2
2604,5,2,2,1
2605,5,2,2,2
2606,5,2,2,1
2607,5,2,2,2
2608,5,2,2,1
2609,5,2,2,2
2610,5,2,2,1
2611,5,2,2,2
2612,5,2,2,1
2613,5,2,2,2
2614,5,2,2,1
2615,5,2,2,2
2616,5,2,2,1
2617,5,2,2,2
2618,5,2,2,1
2619,5,2,2,2
2620,5,2,2,1
2621,5,2,2,2
2622,5,2,2,1
2623,5,2,2,2
2624,5,2,2,1
2625,5,2,2,2
2626,5,2,2,1
2627,5,2,2,2
2628,5,2,2,1
2629,5,2,2,2
2630,5,2,2,1
2631,5,2,2,2
2632,6,1,1,1
2633,6,1,1,2
2634,6,1,1,1
2635,6,1,1,2
2636,6,1,1,1
2637,6,1,1,2
2638,6,1,1,1
2639,6,1,1,2
2640,6,1,1,1
2641,6,1,1,2
2642,6,1,1,1
2643,6,1,1,2
2644,6,1,1,1
2645,6,1,1,2
2646,6,1,1,1
2647,6,1,1,2
2648,6,1,1,1
2649,6,1,1,2
2650,6,1,1,1
2651,6,1,1,2
2652,6,1,1,1
2653,6,1,1,2
2654,6,1,1,1
2655,6,1,1,2
2656,6,1,1,1
2657,6,1,1,2
2658,6,1,1,1
2659,6,1,1,2
2660,6,1,1,1
2661,6,1,1,2
2662,6,1,1,1
2663,6,1,1,2
2664,6,1,1,1
2665,6,1,1,2
2666,6,1,1,1
2667,6,1,1,2
2668,6,1,1,1
2669,6,1,1,2
2670,6,1,1,1
2671,6,1,1,2
2672,6,1,1,1
2673,6,1,1,2
2674,6,1,1,1
2675,6,1,1,2
2676,6,1,1,1
2677,6,1,1,2
2678,6,1,1,1
2679,6,1,1,2
2680,6,1,1,1
2681,6,1,1,2
2682,6,1,1,1
2683,6,1,1,2
2684,6,1,1,1
2685,6,1,1,2
2686,6,1,1,1
2687,6,1,1,2
2688,6,1,1,1
2689,6,1,1,2
2690,6,1,1,1
2691,6,1,1,2
2692,6,1,1,1
2693,6,1,1,2
2694,6,1,1,1
2695,6,1,1,2
2696,6,1,1,1
2697,6,1,1,2
2698,6,1,1,1
2699,6,1,1,2
2700,6,1,1,1
2701,6,1,1,2
2702,6,1,1,1
2703,6,1,1,2
2704,6,1,1,1
2705,6,1,1,2
2706,6,1,1,1
2707,6,1,1,2
2708,6,1,1,1
2709,6,1,1,2
2710,6,1,1,1
2711,6,1,1,2
2712,6,1,1,1
2713,6,1,1,2
2714,6,1,1,1
2715,6,1,1,2
2716,6,1,1,1
2717,6,1,1,2
2718,6,1,1,1
2719,6,1,1,2
2720,6,1,1,1
2721,6,1,1,2
2722,6,1,1,1
2723,6,1,1,2
2724,6,1,1,1
2725,6,1,1,2
2726,6,1,1,1
2727,6,1,1,2
2728,6,1,1,1
2729,6,1,1,2
2730,6,1,1,1
2731,6,1,1,2
2732,6,1,1,1
2733,6,1,1,2
2734,6,1,1,1
2735,6,1,1,2
2736,6,1,1,1
2737,6,1,1,2
2738,6,1,1,1
2739,6,1,1,2
2740,6,1,1,1
2741,6,1,1,2
2742,6,1,1,1
2743,6,1,1,2
2744,6,1,1,1
2745,6,1,1,2
2746,6,1,1,1
2747,6,1,1,2
2748,6,1,1,1
2749,6,1,1,2
2750,6,1,1,1
2751,6,1,1,2
2752,6,1,1,1
2753,6,1,1,2
2754,6,1,1,1
2755,6,1,1,2
2756,6,1,1,1
2757,6,1,1,2
2758,6,1,1,1
2759,6,1,1,2
2760,6,1,1,1
2761,6,1,1,2
2762,6,1,1,1
2763,6,1,1,2
2764,6,1,1,1
2765,6,1,1,2
2766,6,1,1,1
2767,6,1,1,2
2768,6,1,1,1
2769,6,1,1,2
2770,6,1,1,1
2771,6,1,1,2
2772,6,2,1,1
2773,6,2,1,2
2774,6,2,1,1
2775,6,2,1,2
2776,6,2,1,1
2777,6,2,1,2
2778,6,2,1,1
2779,6,2,1,2
2780,6,2,1,1
2781,6,2,1,2
2782,6,2,1,1
2783,6,2,1,2
2784,6,2,1,1
2785,6,2,1,2
2786,6,2,1,1
2787,6,2,1,2
2788,6,2,1,1
2789,6,2,1,2
2790,6,2,1,1
2791,6,2,1,2
2792,6,2,1,1
2793,6,2,1,2
2794,6,2,1,1
2795,6,2,1,2
2796,6,2,1,1
2797,6,2,1,2
2798,6,2,1,1
2799,6,2,1,2
2800,6,2,1,1
2801,6,2,1,2
2802,6,2,1,1
2803,6,2,1,2
2804,6,2,1,1
2805,6,2,1,2
2806,6,2,1,1
2807,6,2,1,2
2808,6,2,1,1
2809,6,2,1,2
2810,6,2,1,1
2811,6,2,1,2
2812,6,2,1,1
2813,6,2,1,2
2814,6,2,1,1
2815,6,2,1,2
2816,6,2,1,1
2817,6,2,1,2
2818,6,2,1,1
2819,6,2,1,2
2820,6,2,1,1
2821,6,2,1,2
2822,6,2,1,1
2823,6,2,1,2
2824,6,2,1,1
2825,6,2,1,2
2826,6,2,1,1
2827,6,2,1,2
2828,6,2,1,1
2829,6,2,1,2
2830,6,2,1,1
2831,6,2,1,2
2832,6,2,1,1
2833,6,2,1,2
2834,6,2,1,1
2835,6,2,1,2
2836,6,2,1,1
2837,6,2,1,2
2838,6,2,1,1
2839,6,2,1,2
2840,6,2,1,1
2841,6,2,1,2
2842,6,2,1,1
2843,6,2,1,2
2844,6,2,1,1
2845,6,2,1,2
2846,6,2,1,1
2847,6,2,1,2
2848,6,2,1,1
2849,6,2,1,2
2850,6,2,1,1
2851,6,2,1,2
2852,6,2,1,1
2853,6,2,1,2
2854,6,2,1,1
2855,6,2,1,2
2856,6,2,1,1
2857,6,2,1,2
2858,6,2,1,1
2859,6,2,1,2
2860,6,2,1,1
2861,6,2,1,2
2862,6,2,1,1
2863,6,2,1,2
2864,6,2,1,1
2865,6,2,1,2
2866,6,2,1,1
2867,6,2,1,2
2868,6,2,1,1
2869,6,2,1,2
2870,6,2,1,1
2871,6,2,1,2
2872,6,2,1,1
2873,6,2,1,2
2874,6,2,1,1
2875,6,2,1,2
2876,6,2,1,1
2877,6,2,1,2
2878,6,2,1,1
2879,6,2,1,2
2880,6,2,1,1
2881,6,2,1,2
2882,6,2,1,1
2883,6,2,1,2
2884,6,2,1,1
2885,6,2,1,2
2886,6,2,1,1
2887,6,2,1,2
2888,6,2,1,1
2889,6,2,1,2
2890,6,2,1,1
2891,6,2,1,2
2892,6,2,1,1
2893,6,2,1,2
2894,6,2,1,1
2895,6,2,1,2
2896,6,2,1,1
2897,6,2,1,2
2898,6,2,1,1
2899,6,2,1,2
2900,6,2,1,1
2901,6,2,1,2
2902,6,2,1,1
2903,6,2,1,2
2904,6,2,1,1
2905,6,2,1,2
2906,6,2,1,1
2907,6,2,1,2
2908,6,2,1,1
2909,6,2,1,2
2910,6,2,1,1
2911,6,2,1,2
2912,6,2,1,1
2913,6,2,1,2
2914,6,1,2,1
2915,6,1,2,2
2916,6,1,2,1
2917,6,1,2,2
2918,6,1,2,1
2919,6,1,2,2
2920,6,1,2,1
2921,6,1,2,2
2922,6,1,2,1
2923,6,1,2,2
2924,6,1,2,1
2925,6,1,2,2
2926,6,1,2,1
2927,6,1,2,2
2928,6,1,2,1
2929,6,1,2,2
2930,6,1,2,1
2931,6,1,2,2
2932,6,1,2,1
2933,6,1,2,2
2934,6,1,2,1
2935,6,1,2,2
2936,6,1,2,1
2937,6,1,2,2
2938,6,1,2,1
2939,6,1,2,2
2940,6,1,2,1
2941,6,1,2,2
2942,6,1,2,1
2943,6,1,2,2
2944,6,1,2,1
2945,6,1,2,2
2946,6,1,2,1
2947,6,1,2,2
2948,6,1,2,1
2949,6,1,2,2
2950,6,1,2,1
2951,6,1,2,2
2952,6,1,2,1
2953,6,1,2,2
2954,6,1,2,1
2955,6,1,2,2
2956,6,1,2,1
2957,6,1,2,2
2958,6,1,2,1
2959,6,1,2,2
2960,6,1,2,1
2961,6,1,2,2
2962,6,1,2,1
2963,6,1,2,2
2964,6,1,2,1
2965,6,1,2,2
2966,6,1,2,1
2967,6,1,2,2
2968,6,1,2,1
2969,6,1,2,2
2970,6,1,2,1
2971,6,1,2,2
2972,6,1,2,1
2973,6,1,2,2
2974,6,1,2,1
2975,6,1,2,2
2976,6,1,2,1
2977,6,1,2,2
2978,6,1,2,1
2979,6,1,2,2
2980,6,1,2,1
2981,6,1,2,2
2982,6,1,2,1
2983,6,1,2,2
2984,6,1,2,1
2985,6,1,2,2
2986,6,1,2,1
2987,6,1,2,2
2988,6,1,2,1
2989,6,1,2,2
2990,6,1,2,1
2991,6,1,2,2
2992,6,1,2,1
2993,6,1,2,2
2994,6,1,2,1
2995,6,1,2,2
2996,6,1,2,1
2997,6,1,2,2
2998,6,1,2,1
2999,6,1,2,2
3000,6,1,2,1
3001,6,1,2,2
3002,6,1,2,1
3003,6,1,2,2
3004,6,1,2,1
3005,6,1,2,2
3006,6,1,2,1
3007,6,1,2,2
3008,6,1,2,1
3009,6,1,2,2
3010,6,1,2,1
3011,6,1,2,2
3012,6,1,2,1
3013,6,1,2,2
3014,6,1,2,1
3015,6,1,2,2
3016,6,1,2,1
3017,6,1,2,2
3018,6,1,2,1
3019,6,1,2,2
3020,6,1,2,1
3021,6,1,2,2
3022,6,1,2,1
3023,6,1,2,2
3024,6,1,2,1
3025,6,1,2,2
3026,6,1,2,1
3027,6,1,2,2
3028,6,1,2,1
3029,6,1,2,2
3030,6,1,2,1
3031,6,1,2,2
3032,6,1,2,1
3033,6,1,2,2
3034,6,1,2,1
3035,6,1,2,2
3036,6,1,2,1
3037,6,1,2,2
3038,6,1,2,1
3039,6,1,2,2
3040,6,1,2,1
3041,6,1,2,2
3042,6,1,2,1
3043,6,1,2,2
3044,6,1,2,1
3045,6,1,2,2
3046,6,1,2,1
3047,6,1,2,2
3048,6,1,2,1
3049,6,1,2,2
3050,6,1,2,1
3051,6,1,2,2
3052,6,1,2,1
3053,6,1,2,2
3054,6,2,2,1
3055,6,2,2,2
3056,6,2,2,1
3057,6,2,2,2
3058,6,2,2,1
3059,6,2,2,2
3060,6,2,2,1
3061,6,2,2,2
3062,6,2,2,1
3063,6,2,2,2
3064,6,2,2,1
3065,6,2,2,2
3066,6,2,2,1
3067,6,2,2,2
3068,6,2,2,1
3069,6,2,2,2
3070,6,2,2,1
3071,6,2,2,2
3072,6,2,2,1
3073,6,2,2,2
3074,6,2,2,1
3075,6,2,2,2
3076,6,2,2,1
3077,6,2,2,2
3078,6,2,2,1
3079,6,2,2,2
3080,6,2,2,1
3081,6,2,2,2
3082,6,2,2,1
3083,6,2,2,2
3084,6,2,2,1
3085,6,2,2,2
3086,6,2,2,1
3087,6,2,2,2
3088,6,2,2,1
3089,6,2,2,2
3090,6,2,2,1
3091,6,2,2,2
3092,6,2,2,1
3093,6,2,2,2
3094,6,2,2,1
3095,6,2,2,2
3096,6,2,2,1
3097,6,2,2,2
3098,6,2,2,1
3099,6,2,2,2
3100,6,2,2,1
3101,6,2,2,2
3102,6,2,2,1
3103,6,2,2,2
3104,6,2,2,1
3105,6,2,2,2
3106,6,2,2,1
3107,6,2,2,2
3108,6,2,2,1
3109,6,2,2,2
3110,6,2,2,1
3111,6,2,2,2
3112,6,2,2,1
3113,6,2,2,2
3114,6,2,2,1
3115,6,2,2,2
3116,6,2,2,1
3117,6,2,2,2
3118,6,2,2,1
3119,6,2,2,2
3120,6,2,2,1
3121,6,2,2,2
3122,6,2,2,1
3123,6,2,2,2
3124,6,2,2,1
3125,6,2,2,2
3126,6,2,2,1
3127,6,2,2,2
3128,6,2,2,1
3129,6,2,2,2
3130,6,2,2,1
3131,6,2,2,2
3132,6,2,2,1
3133,6,2,2,2
3134,6,2,2,1
3135,6,2,2,2
3136,6,2,2,1
3137,6,2,2,2
3138,6,2,2,1
3139,6,2,2,2
3140,6,2,2,1
3141,6,2,2,2
3142,6,2,2,1
3143,6,2,2,2
3144,6,2,2,1
3145,6,2,2,2
3146,6,2,2,1
3147,6,2,2,2
3148,6,2,2,1
3149,6,2,2,2
3150,6,2,2,1
3151,6,2,2,2
3152,6,2,2,1
3153,6,2,2,2
3154,6,2,2,1
3155,6,2,2,2
3156,6,2,2,1
3157,6,2,2,2
3158,6,2,2,1
3159,6,2,2,2
3160,6,2,2,1
3161,6,2,2,2
3162,6,2,2,1
3163,6,2,2,2
3164,6,2,2,1
3165,6,2,2,2
3166,6,2,2,1
3167,6,2,2,2
3168,6,2,2,1
3169,6,2,2,2
3170,6,2,2,1
3171,6,2,2,2
3172,6,2,2,1
3173,6,2,2,2
3174,6,2,2,1
3175,6,2,2,2
3176,6,2,2,1
3177,6,2,2,2
3178,6,2,2,1
3179,6,2,2,2
3180,6,2,2,1
3181,6,2,2,2
3182,6,2,2,1
3183,6,2,2,2
3184,6,2,2,1
3185,6,2,2,2
3186,6,2,2,1
3187,6,2,2,2
3188,6,2,2,1
3189,6,2,2,2
3190,6,2,2,1
3191,6,2,2,2
3192,6,2,2,1
3193,6,2,2,2
3194,6,2,2,1
3195,6,2,2,2
3196,7,1,1,1
3197,7,1,1,2
3198,7,1,1,1
3199,7,1,1,2
3200,7,1,1,1
3201,7,1,1,2
3202,7,1,1,1
3203,7,1,1,2
3204,7,1,1,1
3205,7,1,1,2
3206,7,1,1,1
3207,7,1,1,2
3208,7,1,1,1
3209,7,1,1,2
3210,7,1,1,1
3211,7,1,1,2
3212,7,1,1,1
3213,7,1,1,2
3214,7,1,1,1
3215,7,1,1,2
3216,7,1,1,1
3217,7,1,1,2
3218,7,1,1,1
3219,7,1,1,2
3220,7,1,1,1
3221,7,1,1,2
3222,7,1,1,1
3223,7,1,1,2
3224,7,1,1,1
3225,7,1,1,2
3226,7,1,1,1
3227,7,1,1,2
3228,7,1,1,1
3229,7,1,1,2
3230,7,1,1,1
3231,7,1,1,2
3232,7,1,1,1
3233,7,1,1,2
3234,7,1,1,1
3235,7,1,1,2
3236,7,1,1,1
3237,7,1,1,2
3238,7,1,1,1
3239,7,1,1,2
3240,7,1,1,1
3241,7,1,1,2
3242,7,1,1,1
3243,7,1,1,2
3244,7,1,1,1
3245,7,1,1,2
3246,7,1,1,1
3247,7,1,1,2
3248,7,1,1,1
3249,7,1,1,2
3250,7,1,1,1
3251,7,1,1,2
3252,7,1,1,1
3253,7,1,1,2
3254,7,1,1,1
3255,7,1,1,2
3256,7,1,1,1
3257,7,1,1,2
3258,7,1,1,1
3259,7,1,1,2
3260,7,1,1,1
3261,7,1,1,2
3262,7,1,1,1
3263,7,1,1,2
3264,7,1,1,1
3265,7,1,1,2
3266,7,1,1,1
3267,7,1,1,2
3268,7,1,1,1
3269,7,1,1,2
3270,7,1,1,1
3271,7,1,1,2
3272,7,1,1,1
3273,7,1,1,2
3274,7,1,1,1
3275,7,1,1,2
3276,7,1,1,1
3277,7,1,1,2
3278,7,1,1,1
3279,7,1,1,2
3280,7,1,1,1
3281,7,1,1,2
3282,7,1,1,1
3283,7,1,1,2
3284,7,1,1,1
3285,7,1,1,2
3286,7,1,1,1
3287,7,1,1,2
3288,7,1,1,1
3289,7,1,1,2
3290,7,1,1,1
3291,7,1,1,2
3292,7,1,1,1
3293,7,1,1,2
3294,7,1,1,1
3295,7,1,1,2
3296,7,1,1,1
3297,7,1,1,2
3298,7,1,1,1
3299,7,1,1,2
3300,7,1,1,1
3301,7,1,1,2
3302,7,1,1,1
3303,7,1,1,2
3304,7,1,1,1
3305,7,1,1,2
3306,7,1,1,1
3307,7,1,1,2
3308,7,1,1,1
3309,7,1,1,2
3310,7,1,1,1
3311,7,1,1,2
3312,7,1,1,1
3313,7,1,1,2
3314,7,1,1,1
3315,7,1,1,2
3316,7,1,1,1
3317,7,1,1,2
3318,7,1,1,1
3319,7,1,1,2
3320,7,1,1,1
3321,7,1,1,2
3322,7,1,1,1
3323,7,1,1,2
3324,7,1,1,1
3325,7,1,1,2
3326,7,1,1,1
3327,7,1,1,2
3328,7,1,1,1
3329,7,1,1,2
3330,7,1,1,1
3331,7,1,1,2
3332,7,1,1,1
3333,7,1,1,2
3334,7,1,1,1
3335,7,1,1,2
3336,7,1,1,1
3337,7,1,1,2
3338,7,1,1,1
3339,7,1,1,2
3340,7,1,1,1
3341,7,1,1,2
3342,7,2,1,1
3343,7,2,1,2
3344,7,2,1,1
3345,7,2,1,2
3346,7,2,1,1
3347,7,2,1,2
3348,7,2,1,1
3349,7,2,1,2
3350,7,2,1,1
3351,7,2,1,2
3352,7,2,1,1
3353,7,2,1,2
3354,7,2,1,1
3355,7,2,1,2
3356,7,2,1,1
3357,7,2,1,2
3358,7,2,1,1
3359,7,2,1,2
3360,7,2,1,1
3361,7,2,1,2
3362,7,2,1,1
3363,7,2,1,2
3364,7,2,1,1
3365,7,2,1,2
3366,7,2,1,1
3367,7,2,1,2
3368,7,2,1,1
3369,7,2,1,2
3370,7,2,1,1
3371,7,2,1,2
3372,7,2,1,1
3373,7,2,1,2
3374,7,2,1,1
3375,7,2,1,2
3376,7,2,1,1
3377,7,2,1,2
3378,7,2,1,1
3379,7,2,1,2
3380,7,2,1,1
3381,7,2,1,2
3382,7,2,1,1
3383,7,2,1,2
3384,7,2,1,1
3385,7,2,1,2
3386,7,2,1,1
3387,7,2,1,2
3388,7,2,1,1
3389,7,2,1,2
3390,7,2,1,1
3391,7,2,1,2
3392,7,2,1,1
3393,7,2,1,2
3394,7,2,1,1
3395,7,2,1,2
3396,7,2,1,1
3397,7,2,1,2
3398,7,2,1,1
3399,7,2,1,2
3400,7,2,1,1
3401,7,2,1,2
3402,7,2,1,1
3403,7,2,1,2
3404,7,2,1,1
3405,7,2,1,2
3406,7,2,1,1
3407,7,2,1,2
3408,7,2,1,1
3409,7,2,1,2
3410,7,2,1,1
3411,7,2,1,2
3412,7,2,1,1
3413,7,2,1,2
3414,7,2,1,1
3415,7,2,1,2
3416,7,2,1,1
3417,7,2,1,2
3418,7,2,1,1
3419,7,2,1,2
3420,7,2,1,1
3421,7,2,1,2
3422,7,2,1,1
3423,7,2,1,2
3424,7,2,1,1
3425,7,2,1,2
3426,7,2,1,1
3427,7,2,1,2
3428,7,2,1,1
3429,7,2,1,2
3430,7,2,1,1
3431,7,2,1,2
3432,7,2,1,1
3433,7,2,1,2
3434,7,2,1,1
3435,7,2,1,2
3436,7,2,1,1
3437,7,2,1,2
3438,7,2,1,1
3439,7,2,1,2
3440,7,2,1,1
3441,7,2,1,2
3442,7,2,1,1
3443,7,2,1,2
3444,7,2,1,1
3445,7,2,1,2
3446,7,2,1,1
3447,7,2,1,2
3448,7,2,1,1
3449,7,2,1,2
3450,7,2,1,1
3451,7,2,1,2
3452,7,2,1,1
3453,7,2,1,2
3454,7,2,1,1
3455,7,2,1,2
3456,7,2,1,1
3457,7,2,1,2
3458,7,2,1,1
3459,7,2,1,2
3460,7,2,1,1
3461,7,2,1,2
3462,7,2,1,1
3463,7,2,1,2
3464,7,2,1,1
3465,7,2,1,2
3466,7,2,1,1
3467,7,2,1,2
3468,7,2,1,1
3469,7,2,1,2
3470,7,2,1,1
3471,7,2,1,2
3472,7,2,1,1
3473,7,2,1,2
3474,7,2,1,1
3475,7,2,1,2
3476,7,2,1,1
3477,7,2,1,2
3478,7,2,1,1
3479,7,2,1,2
3480,7,2,1,1
3481,7,2,1,2
3482,7,2,1,1
3483,7,2,1,2
3484,7,2,1,1
3485,7,2,1,2
3486,7,1,2,1
3487,7,1,2,2
3488,7,1,2,1
3489,7,1,2,2
3490,7,1,2,1
3491,7,1,2,2
3492,7,1,2,1
3493,7,1,2,2
3494,7,1,2,1
3495,7,1,2,2
3496,7,1,2,1
3497,7,1,2,2
3498,7,1,2,1
3499,7,1,2,2
3500,7,1,2,1
3501,7,1,2,2
3502,7,1,2,1
3503,7,1,2,2
3504,7,1,2,1
3505,7,1,2,2
3506,7,1,2,1
3507,7,1,2,2
3508,7,1,2,1
3509,7,1,2,2
3510,7,1,2,1
3511,7,1,2,2
3512,7,1,2,1
3513,7,1,2,2
3514,7,1,2,1
3515,7,1,2,2
3516,7,1,2,1
3517,7,1,2,2
3518,7,1,2,1
3519,7,1,2,2
3520,7,1,2,1
3521,7,1,2,2
3522,7,1,2,1
3523,7,1,2,2
3524,7,1,2,1
3525,7,1,2,2
3526,7,1,2,1
3527,7,1,2,2
3528,7,1,2,1
3529,7,1,2,2
3530,7,1,2,1
3531,7,1,2,2
3532,7,1,2,1
3533,7,1,2,2
3534,7,1,2,1
3535,7,1,2,2
3536,7,1,2,1
3537,7,1,2,2
3538,7,1,2,1
3539,7,1,2,2
3540,7,1,2,1
3541,7,1,2,2
3542,7,1,2,1
3543,7,1,2,2
3544,7,1,2,1
3545,7,1,2,2
3546,7,1,2,1
3547,7,1,2,2
3548,7,1,2,1
3549,7,1,2,2
3550,7,1,2,1
3551,7,1,2,2
3552,7,1,2,1
3553,7,1,2,2
3554,7,1,2,1
3555,7,1,2,2
3556,7,1,2,1
3557,7,1,2,2
3558,7,1,2,1
3559,7,1,2,2
3560,7,1,2,1
3561,7,1,2,2
3562,7,1,2,1
3563,7,1,2,2
3564,7,1,2,1
3565,7,1,2,2
3566,7,1,2,1
3567,7,1,2,2
3568,7,1,2,1
3569,7,1,2,2
3570,7,1,2,1
3571,7,1,2,2
3572,7,1,2,1
3573,7,1,2,2
3574,7,1,2,1
3575,7,1,2,2
3576,7,1,2,1
3577,7,1,2,2
3578,7,1,2,1
3579,7,1,2,2
3580,7,1,2,1
3581,7,1,2,2
3582,7,1,2,1
3583,7,1,2,2
3584,7,1,2,1
3585,7,1,2,2
3586,7,1,2,1
3587,7,1,2,2
3588,7,1,2,1
3589,7,1,2,2
3590,7,1,2,1
3591,7,1,2,2
3592,7,1,2,1
3593,7,1,2,2
3594,7,1,2,1
3595,7,1,2,2
3596,7,1,2,1
3597,7,1,2,2
3598,7,1,2,1
3599,7,1,2,2
3600,7,1,2,1
3601,7,1,2,2
3602,7,1,2,1
3603,7,1,2,2
3604,7,1,2,1
3605,7,1,2,2
3606,7,1,2,1
3607,7,1,2,2
3608,7,1,2,1
3609,7,1,2,2
3610,7,1,2,1
3611,7,1,2,2
3612,7,1,2,1
3613,7,1,2,2
3614,7,1,2,1
3615,7,1,2,2
3616,7,1,2,1
3617,7,1,2,2
3618,7,1,2,1
3619,7,1,2,2
3620,7,1,2,1
3621,7,1,2,2
3622,7,1,2,1
3623,7,1,2,2
3624,7,1,2,1
3625,7,1,2,2
3626,7,1,2,1
3627,7,1,2,2
3628,7,1,2,1
3629,7,1,2,2
3630,7,1,2,1
3631,7,1,2,2
3632,7,2,2,1
3633,7,2,2,2
3634,7,2,2,1
3635,7,2,2,2
3636,7,2,2,1
3637,7,2,2,2
3638,7,2,2,1
3639,7,2,2,2
3640,7,2,2,1
3641,7,2,2,2
3642,7,2,2,1
3643,7,2,2,2
3644,7,2,2,1
3645,7,2,2,2
3646,7,2,2,1
3647,7,2,2,2
3648,7,2,2,1
3649,7,2,2,2
3650,7,2,2,1
3651,7,2,2,2
3652,7,2,2,1
3653,7,2,2,2
3654,7,2,2,1
3655,7,2,2,2
3656,7,2,2,1
3657,7,2,2,2
3658,7,2,2,1
3659,7,2,2,2
3660,7,2,2,1
3661,7,2,2,2
3662,7,2,2,1
3663,7,2,2,2
3664,7,2,2,1
3665,7,2,2,2
3666,7,2,2,1
3667,7,2,2,2
3668,7,2,2,1
3669,7,2,2,2
3670,7,2,2,1
3671,7,2,2,2
3672,7,2,2,1
3673,7,2,2,2
3674,7,2,2,1
3675,7,2,2,2
3676,7,2,2,1
3677,7,2,2,2
3678,7,2,2,1
3679,7,2,2,2
3680,7,2,2,1
3681,7,2,2,2
3682,7,2,2,1
3683,7,2,2,2
3684,7,2,2,1
3685,7,2,2,2
3686,7,2,2,1
3687,7,2,2,2
3688,7,2,2,1
3689,7,2,2,2
3690,7,2,2,1
3691,7,2,2,2
3692,7,2,2,1
3693,7,2,2,2
3694,7,2,2,1
3695,7,2,2,2
3696,7,2,2,1
3697,7,2,2,2
3698,7,2,2,1
3699,7,2,2,2
3700,7,2,2,1
3701,7,2,2,2
3702,7,2,2,1
3703,7,2,2,2
3704,7,2,2,1
3705,7,2,2,2
3706,7,2,2,1
3707,7,2,2,2
3708,7,2,2,1
3709,7,2,2,2
3710,7,2,2,1
3711,7,2,2,2
3712,7,2,2,1
3713,7,2,2,2
3714,7,2,2,1
3715,7,2,2,2
3716,7,2,2,1
3717,7,2,2,2
3718,7,2,2,1
3719,7,2,2,2
3720,7,2,2,1
3721,7,2,2,2
3722,7,2,2,1
3723,7,2,2,2
3724,7,2,2,1
3725,7,2,2,2
3726,7,2,2,1
3727,7,2,2,2
3728,7,2,2,1
3729,7,2,2,2
3730,7,2,2,1
3731,7,2,2,2
3732,7,2,2,1
3733,7,2,2,2
3734,7,2,2,1
3735,7,2,2,2
3736,7,2,2,1
3737,7,2,2,2
3738,7,2,2,1
3739,7,2,2,2
3740,7,2,2,1
3741,7,2,2,2
3742,7,2,2,1
3743,7,2,2,2
3744,7,2,2,1
3745,7,2,2,2
3746,7,2,2,1
3747,7,2,2,2
3748,7,2,2,1
3749,7,2,2,2
3750,7,2,2,1
3751,7,2,2,2
3752,7,2,2,1
3753,7,2,2,2
3754,7,2,2,1
3755,7,2,2,2
3756,7,2,2,1
3757,7,2,2,2
3758,7,2,2,1
3759,7,2,2,2
3760,7,2,2,1
3761,7,2,2,2
3762,7,2,2,1
3763,7,2,2,2
3764,7,2,2,1
3765,7,2,2,2
3766,7,2,2,1
3767,7,2,2,2
3768,7,2,2,1
3769,7,2,2,2
3770,7,2,2,1
3771,7,2,2,2
3772,7,2,2,1
3773,7,2,2,2
3774,7,2,2,1
3775,7,2,2,2
3776,8,1,1,1
3777,8,1,1,2
3778,8,1,1,1
3779,8,1,1,2
3780,8,1,1,1
3781,8,1,1,2
3782,8,1,1,1
3783,8,1,1,2
3784,8,1,1,1
3785,8,1,1,2
3786,8,1,1,1
3787,8,1,1,2
3788,8,1,1,1
3789,8,1,1,2
3790,8,1,1,1
3791,8,1,1,2
3792,8,1,1,1
3793,8,1,1,2
3794,8,1,1,1
3795,8,1,1,2
3796,8,1,1,1
3797,8,1,1,2
3798,8,1,1,1
3799,8,1,1,2
3800,8,1,1,1
3801,8,1,1,2
3802,8,1,1,1
3803,8,1,1,2
3804,8,1,1,1
3805,8,1,1,2
3806,8,1,1,1
3807,8,1,1,2
3808,8,1,1,1
3809,8,1,1,2
3810,8,1,1,1
3811,8,1,1,2
3812,8,1,1,1
3813,8,1,1,2
3814,8,1,1,1
3815,8,1,1,2
3816,8,1,1,1
3817,8,1,1,2
3818,8,1,1,1
3819,8,1,1,2
3820,8,1,1,1
3821,8,1,1,2
3822,8,1,1,1
3823,8,1,1,2
3824,8,1,1,1
3825,8,1,1,2
3826,8,1,1,1
3827,8,1,1,2
3828,8,1,1,1
3829,8,1,1,2
3830,8,1,1,1
3831,8,1,1,2
3832,8,1,1,1
3833,8,1,1,2
3834,8,1,1,1
3835,8,1,1,2
3836,8,1,1,1
3837,8,1,1,2
3838,8,1,1,1
3839,8,1,1,2
3840,8,1,1,1
3841,8,1,1,2
3842,8,1,1,1
3843,8,1,1,2
3844,8,1,1,1
3845,8,1,1,2
3846,8,1,1,1
3847,8,1,1,2
3848,8,1,1,1
3849,8,1,1,2
3850,8,1,1,1
3851,8,1,1,2
3852,8,1,1,1
3853,8,1,1,2
3854,8,1,1,1
3855,8,1,1,2
3856,8,1,1,1
3857,8,1,1,2
3858,8,1,1,1
3859,8,1,1,2
3860,8,1,1,1
3861,8,1,1,2
3862,8,1,1,1
3863,8,1,1,2
3864,8,1,1,1
3865,8,1,1,2
3866,8,1,1,1
3867,8,1,1,2
3868,8,1,1,1
3869,8,1,1,2
3870,8,1,1,1
3871,8,1,1,2
3872,8,1,1,1
3873,8,1,1,2
3874,8,1,1,1
3875,8,1,1,2
3876,8,1,1,1
3877,8,1,1,2
3878,8,1,1,1
3879,8,1,1,2
3880,8,1,1,1
3881,8,1,1,2
3882,8,1,1,1
3883,8,1,1,2
3884,8,1,1,1
3885,8,1,1,2
3886,8,1,1,1
3887,8,1,1,2
3888,8,1,1,1
3889,8,1,1,2
3890,8,1,1,1
3891,8,1,1,2
3892,8,1,1,1
3893,8,1,1,2
3894,8,2,1,1
3895,8,2,1,2
3896,8,2,1,1
3897,8,2,1,2
3898,8,2,1,1
3899,8,2,1,2
3900,8,2,1,1
3901,8,2,1,2
3902,8,2,1,1
3903,8,2,1,2
3904,8,2,1,1
3905,8,2,1,2
3906,8,2,1,1
3907,8,2,1,2
3908,8,2,1,1
3909,8,2,1,2
3910,8,2,1,1
3911,8,2,1,2
3912,8,2,1,1
3913,8,2,1,2
3914,8,2,1,1
3915,8,2,1,2
3916,8,2,1,1
3917,8,2,1,2
3918,8,2,1,1
3919,8,2,1,2
3920,8,2,1,1
3921,8,2,1,2
3922,8,2,1,1
3923,8,2,1,2
3924,8,2,1,1
3925,8,2,1,2
3926,8,2,1,1
3927,8,2,1,2
3928,8,2,1,1
3929,8,2,1,2
3930,8,2,1,1
3931,8,2,1,2
3932,8,2,1,1
3933,8,2,1,2
3934,8,2,1,1
3935,8,2,1,2
3936,8,2,1,1
3937,8,2,1,2
3938,8,2,1,1
3939,8,2,1,2
3940,8,2,1,1
3941,8,2,1,2
3942,8,2,1,1
3943,8,2,1,2
3944,8,2,1,1
3945,8,2,1,2
3946,8,2,1,1
3947,8,2,1,2
3948,8,2,1,1
3949,8,2,1,2
3950,8,2,1,1
3951,8,2,1,2
3952,8,2,1,1
3953,8,2,1,2
3954,8,2,1,1
3955,8,2,1,2
3956,8,2,1,1
3957,8,2,1,2
3958,8,2,1,1
3959,8,2,1,2
3960,8,2,1,1
3961,8,2,1,2
3962,8,2,1,1
3963,8,2,1,2
3964,8,2,1,1
3965,8,2,1,2
3966,8,2,1,1
3967,8,2,1,2
3968,8,2,1,1
3969,8,2,1,2
3970,8,2,1,1
3971,8,2,1,2
3972,8,2,1,1
3973,8,2,1,2
3974,8,2,1,1
3975,8,2,1,2
3976,8,2,1,1
3977,8,2,1,2
3978,8,2,1,1
3979,8,2,1,2
3980,8,2,1,1
3981,8,2,1,2
3982,8,2,1,1
3983,8,2,1,2
3984,8,2,1,1
3985,8,2,1,2
3986,8,2,1,1
3987,8,2,1,2
3988,8,2,1,1
3989,8,2,1,2
3990,8,2,1,1
3991,8,2,1,2
3992,8,2,1,1
3993,8,2,1,2
3994,8,2,1,1
3995,8,2,1,2
3996,8,2,1,1
3997,8,2,1,2
3998,8,2,1,1
3999,8,2,1,2
4000,8,2,1,1
4001,8,2,1,2
4002,8,2,1,1
4003,8,2,1,2
4004,8,2,1,1
4005,8,2,1,2
4006,8,2,1,1
4007,8,2,1,2
4008,8,2,1,1
4009,8,2,1,2
4010,8,2,1,1
4011,8,2,1,2
4012,8,2,1,1
4013,8,2,1,2
4014,8,2,1,1
4015,8,2,1,2
4016,8,2,1,1
4017,8,2,1,2
4018,8,2,1,1
4019,8,2,1,2
4020,8,2,1,1
4021,8,2,1,2
4022,8,2,1,1
4023,8,2,1,2
4024,8,1,2,1
4025,8,1,2,2
4026,8,1,2,1
4027,8,1,2,2
4028,8,1,2,1
4029,8,1,2,2
4030,8,1,2,1
4031,8,1,2,2
4032,8,1,2,1
4033,8,1,2,2
4034,8,1,2,1
4035,8,1,2,2
4036,8,1,2,1
4037,8,1,2,2
4038,8,1,2,1
4039,8,1,2,2
4040,8,1,2,1
4041,8,1,2,2
4042,8,1,2,1
4043,8,1,2,2
4044,8,1,2,1
4045,8,1,2,2
4046,8,1,2,1
4047,8,1,2,2
4048,8,1,2,1
4049,8,1,2,2
4050,8,1,2,1
4051,8,1,2,2
4052,8,1,2,1
4053,8,1,2,2
4054,8,1,2,1
4055,8,1,2,2
4056,8,1,2,1
4057,8,1,2,2
4058,8,1,2,1
4059,8,1,2,2
4060,8,1,2,1
4061,8,1,2,2
4062,8,1,2,1
4063,8,1,2,2
4064,8,1,2,1
4065,8,1,2,2
4066,8,1,2,1
4067,8,1,2,2
4068,8,1,2,1
4069,8,1,2,2
4070,8,1,2,1
4071,8,1,2,2
4072,8,1,2,1
4073,8,1,2,2
4074,8,1,2,1
4075,8,1,2,2
4076,8,1,2,1
4077,8,1,2,2
4078,8,1,2,1
4079,8,1,2,2
4080,8,1,2,1
4081,8,1,2,2
4082,8,1,2,1
4083,8,1,2,2
4084,8,1,2,1
4085,8,1,2,2
4086,8,1,2,1
4087,8,1,2,2
4088,8,1,2,1
4089,8,1,2,2
4090,8,1,2,1
4091,8,1,2,2
4092,8,1,2,1
4093,8,1,2,2
4094,8,1,2,1
4095,8,1,2,2
4096,8,1,2,1
4097,8,1,2,2
4098,8,1,2,1
4099,8,1,2,2
4100,8,1,2,1
4101,8,1,2,2
4102,8,1,2,1
4103,8,1,2,2
4104,8,1,2,1
4105,8,1,2,2
4106,8,1,2,1
4107,8,1,2,2
4108,8,1,2,1
4109,8,1,2,2
4110,8,1,2,1
4111,8,1,2,2
4112,8,1,2,1
4113,8,1,2,2
4114,8,1,2,1
4115,8,1,2,2
4116,8,1,2,1
4117,8,1,2,2
4118,8,1,2,1
4119,8,1,2,2
4120,8,1,2,1
4121,8,1,2,2
4122,8,1,2,1
4123,8,1,2,2
4124,8,1,2,1
4125,8,1,2,2
4126,8,1,2,1
4127,8,1,2,2
4128,8,1,2,1
4129,8,1,2,2
4130,8,1,2,1
4131,8,1,2,2
4132,8,1,2,1
4133,8,1,2,2
4134,8,1,2,1
4135,8,1,2,2
4136,8,1,2,1
4137,8,1,2,2
4138,8,1,2,1
4139,8,1,2,2
4140,8,1,2,1
4141,8,1,2,2
4142,8,2,2,1
4143,8,2,2,2
4144,8,2,2,1
4145,8,2,2,2
4146,8,2,2,1
4147,8,2,2,2
4148,8,2,2,1
4149,8,2,2,2
4150,8,2,2,1
4151,8,2,2,2
4152,8,2,2,1
4153,8,2,2,2
4154,8,2,2,1
4155,8,2,2,2
4156,8,2,2,1
4157,8,2,2,2
4158,8,2,2,1
4159,8,2,2,2
4160,8,2,2,1
4161,8,2,2,2
4162,8,2,2,1
4163,8,2,2,2
4164,8,2,2,1
4165,8,2,2,2
4166,8,2,2,1
4167,8,2,2,2
4168,8,2,2,1
4169,8,2,2,2
4170,8,2,2,1
4171,8,2,2,2
4172,8,2,2,1
4173,8,2,2,2
4174,8,2,2,1
4175,8,2,2,2
4176,8,2,2,1
4177,8,2,2,2
4178,8,2,2,1
4179,8,2,2,2
4180,8,2,2,1
4181,8,2,2,2
4182,8,2,2,1
4183,8,2,2,2
4184,8,2,2,1
4185,8,2,2,2
4186,8,2,2,1
4187,8,2,2,2
4188,8,2,2,1
4189,8,2,2,2
4190,8,2,2,1
4191,8,2,2,2
4192,8,2,2,1
4193,8,2,2,2
4194,8,2,2,1
4195,8,2,2,2
4196,8,2,2,1
4197,8,2,2,2
4198,8,2,2,1
4199,8,2,2,2
4200,8,2,2,1
4201,8,2,2,2
4202,8,2,2,1
4203,8,2,2,2
4204,8,2,2,1
4205,8,2,2,2
4206,8,2,2,1
4207,8,2,2,2
4208,8,2,2,1
4209,8,2,2,2
4210,8,2,2,1
4211,8,2,2,2
4212,8,2,2,1
4213,8,2,2,2
4214,8,2,2,1
4215,8,2,2,2
4216,8,2,2,1
4217,8,2,2,2
4218,8,2,2,1
4219,8,2,2,2
4220,8,2,2,1
4221,8,2,2,2
4222,8,2,2,1
4223,8,2,2,2
4224,8,2,2,1
4225,8,2,2,2
4226,8,2,2,1
4227,8,2,2,2
4228,8,2,2,1
4229,8,2,2,2
4230,8,2,2,1
4231,8,2,2,2
4232,8,2,2,1
4233,8,2,2,2
4234,8,2,2,1
4235,8,2,2,2
4236,8,2,2,1
4237,8,2,2,2
4238,8,2,2,1
4239,8,2,2,2
4240,8,2,2,1
4241,8,2,2,2
4242,8,2,2,1
4243,8,2,2,2
4244,8,2,2,1
4245,8,2,2,2
4246,8,2,2,1
4247,8,2,2,2
4248,8,2,2,1
4249,8,2,2,2
4250,8,2,2,1
4251,8,2,2,2
4252,8,2,2,1
4253,8,2,2,2
4254,8,2,2,1
4255,8,2,2,2
4256,8,2,2,1
4257,8,2,2,2
4258,8,2,2,1
4259,8,2,2,2
4260,8,2,2,1
4261,8,2,2,2
4262,8,2,2,1
4263,8,2,2,2
4264,8,2,2,1
4265,8,2,2,2
4266,8,2,2,1
4267,8,2,2,2
4268,8,2,2,1
4269,8,2,2,2
4270,8,2,2,1
4271,8,2,2,2
4272,9,1,1,1
4273,9,1,1,2
4274,9,1,1,1
4275,9,1,1,2
4276,9,1,1,1
4277,9,1,1,2
4278,9,1,1,1
4279,9,1,1,2
4280,9,1,1,1
4281,9,1,1,2
4282,9,1,1,1
4283,9,1,1,2
4284,9,1,1,1
4285,9,1,1,2
4286,9,1,1,1
4287,9,1,1,2
4288,9,1,1,1
4289,9,1,1,2
4290,9,1,1,1
4291,9,1,1,2
4292,9,1,1,1
4293,9,1,1,2
4294,9,1,1,1
4295,9,1,1,2
4296,9,1,1,1
4297,9,1,1,2
4298,9,1,1,1
4299,9,1,1,2
4300,9,1,1,1
4301,9,1,1,2
4302,9,1,1,1
4303,9,1,1,2
4304,9,1,1,1
4305,9,1,1,2
4306,9,1,1,1
4307,9,1,1,2
4308,9,1,1,1
4309,9,1,1,2
4310,9,1,1,1
4311,9,1,1,2
4312,9,1,1,1
4313,9,1,1,2
4314,9,1,1,1
4315,9,1,1,2
4316,9,1,1,1
4317,9,1,1,2
4318,9,1,1,1
4319,9,1,1,2
4320,9,1,1,1
4321,9,1,1,2
4322,9,1,1,1
4323,9,1,1,2
4324,9,1,1,1
4325,9,1,1,2
4326,9,1,1,1
4327,9,1,1,2
4328,9,1,1,1
4329,9,1,1,2
4330,9,1,1,1
4331,9,1,1,2
4332,9,1,1,1
4333,9,1,1,2
4334,9,1,1,1
4335,9,1,1,2
4336,9,1,1,1
4337,9,1,1,2
4338,9,1,1,1
4339,9,1,1,2
4340,9,1,1,1
4341,9,1,1,2
4342,9,1,1,1
4343,9,1,1,2
4344,9,1,1,1
4345,9,1,1,2
4346,9,1,1,1
4347,9,1,1,2
4348,9,1,1,1
4349,9,1,1,2
4350,9,1,1,1
4351,9,1,1,2
4352,9,1,1,1
4353,9,1,1,2
4354,9,1,1,1
4355,9,1,1,2
4356,9,1,1,1
4357,9,1,1,2
4358,9,1,1,1
4359,9,1,1,2
4360,9,1,1,1
4361,9,1,1,2
4362,9,1,1,1
4363,9,1,1,2
4364,9,1,1,1
4365,9,1,1,2
4366,9,1,1,1
4367,9,1,1,2
4368,9,1,1,1
4369,9,1,1,2
4370,9,1,1,1
4371,9,1,1,2
4372,9,1,1,1
4373,9,1,1,2
4374,9,1,1,1
4375,9,1,1,2
4376,9,1,1,1
4377,9,1,1,2
4378,9,1,1,1
4379,9,1,1,2
4380,9,1,1,1
4381,9,1,1,2
4382,9,1,1,1
4383,9,1,1,2
4384,9,1,1,1
4385,9,1,1,2
4386,9,1,1,1
4387,9,1,1,2
4388,9,1,1,1
4389,9,1,1,2
4390,9,1,1,1
4391,9,1,1,2
4392,9,1,1,1
4393,9,1,1,2
4394,9,1,1,1
4395,9,1,1,2
4396,9,1,1,1
4397,9,1,1,2
4398,9,1,1,1
4399,9,1,1,2
4400,9,1,1,1
4401,9,1,1,2
4402,9,1,1,1
4403,9,1,1,2
4404,9,1,1,1
4405,9,1,1,2
4406,9,1,1,1
4407,9,1,1,2
4408,9,1,1,1
4409,9,1,1,2
4410,9,1,1,1
4411,9,1,1,2
4412,9,1,1,1
4413,9,1,1,2
4414,9,1,1,1
4415,9,1,1,2
4416,9,2,1,1
4417,9,2,1,2
4418,9,2,1,1
4419,9,2,1,2
4420,9,2,1,1
4421,9,2,1,2
4422,9,2,1,1
4423,9,2,1,2
4424,9,2,1,1
4425,9,2,1,2
4426,9,2,1,1
4427,9,2,1,2
4428,9,2,1,1
4429,9,2,1,2
4430,9,2,1,1
4431,9,2,1,2
4432,9,2,1,1
4433,9,2,1,2
4434,9,2,1,1
4435,9,2,1,2
4436,9,2,1,1
4437,9,2,1,2
4438,9,2,1,1
4439,9,2,1,2
4440,9,2,1,1
4441,9,2,1,2
4442,9,2,1,1
4443,9,2,1,2
4444,9,2,1,1
4445,9,2,1,2
4446,9,2,1,1
4447,9,2,1,2
4448,9,2,1,1
4449,9,2,1,2
4450,9,2,1,1
4451,9,2,1,2
4452,9,2,1,1
4453,9,2,1,2
4454,9,2,1,1
4455,9,2,1,2
4456,9,2,1,1
4457,9,2,1,2
4458,9,2,1,1
4459,9,2,1,2
4460,9,2,1,1
4461,9,2,1,2
4462,9,2,1,1
4463,9,2,1,2
4464,9,2,1,1
4465,9,2,1,2
4466,9,2,1,1
4467,9,2,1,2
4468,9,2,1,1
4469,9,2,1,2
4470,9,2,1,1
4471,9,2,1,2
4472,9,2,1,1
4473,9,2,1,2
4474,9,2,1,1
4475,9,2,1,2
4476,9,2,1,1
4477,9,2,1,2
4478,9,2,1,1
4479,9,2,1,2
4480,9,2,1,1
4481,9,2,1,2
4482,9,2,1,1
4483,9,2,1,2
4484,9,2,1,1
4485,9,2,1,2
4486,9,2,1,1
4487,9,2,1,2
4488,9,2,1,1
4489,9,2,1,2
4490,9,2,1,1
4491,9,2,1,2
4492,9,2,1,1
4493,9,2,1,2
4494,9,2,1,1
4495,9,2,1,2
4496,9,2,1,1
4497,9,2,1,2
4498,9,2,1,1
4499,9,2,1,2
4500,9,2,1,1
4501,9,2,1,2
4502,9,2,1,1
4503,9,2,1,2
4504,9,2,1,1
4505,9,2,1,2
4506,9,2,1,1
4507,9,2,1,2
4508,9,2,1,1
4509,9,2,1,2
4510,9,2,1,1
4511,9,2,1,2
4512,9,2,1,1
4513,9,2,1,2
4514,9,2,1,1
4515,9,2,1,2
4516,9,2,1,1
4517,9,2,1,2
4518,9,2,1,1
4519,9,2,1,2
4520,9,2,1,1
4521,9,2,1,2
4522,9,2,1,1
4523,9,2,1,2
4524,9,2,1,1
4525,9,2,1,2
4526,9,2,1,1
4527,9,2,1,2
4528,9,2,1,1
4529,9,2,1,2
4530,9,2,1,1
4531,9,2,1,2
4532,9,2,1,1
4533,9,2,1,2
4534,9,2,1,1
4535,9,2,1,2
4536,9,2,1,1
4537,9,2,1,2
4538,9,2,1,1
4539,9,2,1,2
4540,9,2,1,1
4541,9,2,1,2
4542,9,2,1,1
4543,9,2,1,2
4544,9,2,1,1
4545,9,2,1,2
4546,9,2,1,1
4547,9,2,1,2
4548,9,2,1,1
4549,9,2,1,2
4550,9,2,1,1
4551,9,2,1,2
4552,9,2,1,1
4553,9,2,1,2
4554,9,2,1,1
4555,9,2,1,2
4556,9,2,1,1
4557,9,2,1,2
4558,9,1,2,1
4559,9,1,2,2
4560,9,1,2,1
4561,9,1,2,2
4562,9,1,2,1
4563,9,1,2,2
4564,9,1,2,1
4565,9,1,2,2
4566,9,1,2,1
4567,9,1,2,2
4568,9,1,2,1
4569,9,1,2,2
4570,9,1,2,1
4571,9,1,2,2
4572,9,1,2,1
4573,9,1,2,2
4574,9,1,2,1
4575,9,1,2,2
4576,9,1,2,1
4577,9,1,2,2
4578,9,1,2,1
4579,9,1,2,2
4580,9,1,2,1
4581,9,1,2,2
4582,9,1,2,1
4583,9,1,2,2
4584,9,1,2,1
4585,9,1,2,2
4586,9,1,2,1
4587,9,1,2,2
4588,9,1,2,1
4589,9,1,2,2
4590,9,1,2,1
4591,9,1,2,2
4592,9,1,2,1
4593,9,1,2,2
4594,9,1,2,1
4595,9,1,2,2
4596,9,1,2,1
4597,9,1,2,2
4598,9,1,2,1
4599,9,1,2,2
4600,9,1,2,1
4601,9,1,2,2
4602,9,1,2,1
4603,9,1,2,2
4604,9,1,2,1
4605,9,1,2,2
4606,9,1,2,1
4607,9,1,2,2
4608,9,1,2,1
4609,9,1,2,2
4610,9,1,2,1
4611,9,1,2,2
4612,9,1,2,1
4613,9,1,2,2
4614,9,1,2,1
4615,9,1,2,2
4616,9,1,2,1
4617,9,1,2,2
4618,9,1,2,1
4619,9,1,2,2
4620,9,1,2,1
4621,9,1,2,2
4622,9,1,2,1
4623,9,1,2,2
4624,9,1,2,1
4625,9,1,2,2
4626,9,1,2,1
4627,9,1,2,2
4628,9,1,2,1
4629,9,1,2,2
4630,9,1,2,1
4631,9,1,2,2
4632,9,1,2,1
4633,9,1,2,2
4634,9,1,2,1
4635,9,1,2,2
4636,9,1,2,1
4637,9,1,2,2
4638,9,1,2,1
4639,9,1,2,2
4640,9,1,2,1
4641,9,1,2,2
4642,9,1,2,1
4643,9,1,2,2
4644,9,1,2,1
4645,9,1,2,2
4646,9,1,2,1
4647,9,1,2,2
4648,9,1,2,1
4649,9,1,2,2
4650,9,1,2,1
4651,9,1,2,2
4652,9,1,2,1
4653,9,1,2,2
4654,9,1,2,1
4655,9,1,2,2
4656,9,1,2,1
4657,9,1,2,2
4658,9,1,2,1
4659,9,1,2,2
4660,9,1,2,1
4661,9,1,2,2
4662,9,1,2,1
4663,9,1,2,2
4664,9,1,2,1
4665,9,1,2,2
4666,9,1,2,1
4667,9,1,2,2
4668,9,1,2,1
4669,9,1,2,2
4670,9,1,2,1
4671,9,1,2,2
4672,9,1,2,1
4673,9,1,2,2
4674,9,1,2,1
4675,9,1,2,2
4676,9,1,2,1
4677,9,1,2,2
4678,9,1,2,1
4679,9,1,2,2
4680,9,1,2,1
4681,9,1,2,2
4682,9,1,2,1
4683,9,1,2,2
4684,9,1,2,1
4685,9,1,2,2
4686,9,1,2,1
4687,9,1,2,2
4688,9,1,2,1
4689,9,1,2,2
4690,9,1,2,1
4691,9,1,2,2
4692,9,1,2,1
4693,9,1,2,2
4694,9,1,2,1
4695,9,1,2,2
4696,9,1,2,1
4697,9,1,2,2
4698,9,1,2,1
4699,9,1,2,2
4700,9,1,2,1
4701,9,1,2,2
4702,9,2,2,1
4703,9,2,2,2
4704,9,2,2,1
4705,9,2,2,2
4706,9,2,2,1
4707,9,2,2,2
4708,9,2,2,1
4709,9,2,2,2
4710,9,2,2,1
4711,9,2,2,2
4712,9,2,2,1
4713,9,2,2,2
4714,9,2,2,1
4715,9,2,2,2
4716,9,2,2,1
4717,9,2,2,2
4718,9,2,2,1
4719,9,2,2,2
4720,9,2,2,1
4721,9,2,2,2
4722,9,2,2,1
4723,9,2,2,2
4724,9,2,2,1
4725,9,2,2,2
4726,9,2,2,1
4727,9,2,2,2
4728,9,2,2,1
4729,9,2,2,2
4730,9,2,2,1
4731,9,2,2,2
4732,9,2,2,1
4733,9,2,2,2
4734,9,2,2,1
4735,9,2,2,2
4736,9,2,2,1
4737,9,2,2,2
4738,9,2,2,1
4739,9,2,2,2
4740,9,2,2,1
4741,9,2,2,2
4742,9,2,2,1
4743,9,2,2,2
4744,9,2,2,1
4745,9,2,2,2
4746,9,2,2,1
4747,9,2,2,2
4748,9,2,2,1
4749,9,2,2,2
4750,9,2,2,1
4751,9,2,2,2
4752,9,2,2,1
4753,9,2,2,2
4754,9,2,2,1
4755,9,2,2,2
4756,9,2,2,1
4757,9,2,2,2
4758,9,2,2,1
4759,9,2,2,2
4760,9,2,2,1
4761,9,2,2,2
4762,9,2,2,1
4763,9,2,2,2
4764,9,2,2,1
4765,9,2,2,2
4766,9,2,2,1
4767,9,2,2,2
4768,9,2,2,1
4769,9,2,2,2
4770,9,2,2,1
4771,9,2,2,2
4772,9,2,2,1
4773,9,2,2,2
4774,9,2,2,1
4775,9,2,2,2
4776,9,2,2,1
4777,9,2,2,2
4778,9,2,2,1
4779,9,2,2,2
4780,9,2,2,1
4781,9,2,2,2
4782,9,2,2,1
4783,9,2,2,2
4784,9,2,2,1
4785,9,2,2,2
4786,9,2,2,1
4787,9,2,2,2
4788,9,2,2,1
4789,9,2,2,2
4790,9,2,2,1
4791,9,2,2,2
4792,9,2,2,1
4793,9,2,2,2
4794,9,2,2,1
4795,9,2,2,2
4796,9,2,2,1
4797,9,2,2,2
4798,9,2,2,1
4799,9,2,2,2
4800,9,2,2,1
4801,9,2,2,2
4802,9,2,2,1
4803,9,2,2,2
4804,9,2,2,1
4805,9,2,2,2
4806,9,2,2,1
4807,9,2,2,2
4808,9,2,2,1
4809,9,2,2,2
4810,9,2,2,1
4811,9,2,2,2
4812,9,2,2,1
4813,9,2,2,2
4814,9,2,2,1
4815,9,2,2,2
4816,9,2,2,1
4817,9,2,2,2
4818,9,2,2,1
4819,9,2,2,2
4820,9,2,2,1
4821,9,2,2,2
4822,9,2,2,1
4823,9,2,2,2
4824,9,2,2,1
4825,9,2,2,2
4826,9,2,2,1
4827,9,2,2,2
4828,9,2,2,1
4829,9,2,2,2
4830,9,2,2,1
4831,9,2,2,2
4832,9,2,2,1
4833,9,2,2,2
4834,9,2,2,1
4835,9,2,2,2
4836,9,2,2,1
4837,9,2,2,2
4838,9,2,2,1
4839,9,2,2,2
4840,9,2,2,1
4841,9,2,2,2
4842,9,2,2,1
4843,9,2,2,2
4844,10,1,1,1
4845,10,1,1,2
4846,10,1,1,1
4847,10,1,1,2
4848,10,1,1,1
4849,10,1,1,2
4850,10,1,1,1
4851,10,1,1,2
4852,10,1,1,1
4853,10,1,1,2
4854,10,1,1,1
4855,10,1,1,2
4856,10,1,1,1
4857,10,1,1,2
4858,10,1,1,1
4859,10,1,1,2
4860,10,1,1,1
4861,10,1,1,2
4862,10,1,1,1
4863,10,1,1,2
4864,10,1,1,1
4865,10,1,1,2
4866,10,1,1,1
4867,10,1,1,2
4868,10,1,1,1
4869,10,1,1,2
4870,10,1,1,1
4871,10,1,1,2
4872,10,1,1,1
4873,10,1,1,2
4874,10,1,1,1
4875,10,1,1,2
4876,10,1,1,1
4877,10,1,1,2
4878,10,1,1,1
4879,10,1,1,2
4880,10,1,1,1
4881,10,1,1,2
4882,10,1,1,1
4883,10,1,1,2
4884,10,1,1,1
4885,10,1,1,2
4886,10,1,1,1
4887,10,1,1,2
4888,10,1,1,1
4889,10,1,1,2
4890,10,1,1,1
4891,10,1,1,2
4892,10,1,1,1
4893,10,1,1,2
4894,10,1,1,1
4895,10,1,1,2
4896,10,1,1,1
4897,10,1,1,2
4898,10,1,1,1
4899,10,1,1,2
4900,10,1,1,1
4901,10,1,1,2
4902,10,1,1,1
4903,10,1,1,2
4904,10,1,1,1
4905,10,1,1,2
4906,10,1,1,1
4907,10,1,1,2
4908,10,1,1,1
4909,10,1,1,2
4910,10,1,1,1
4911,10,1,1,2
4912,10,1,1,1
4913,10,1,1,2
4914,10,1,1,1
4915,10,1,1,2
4916,10,1,1,1
4917,10,1,1,2
4918,10,1,1,1
4919,10,1,1,2
4920,10,1,1,1
4921,10,1,1,2
4922,10,1,1,1
4923,10,1,1,2
4924,10,1,1,1
4925,10,1,1,2
4926,10,1,1,1
4927,10,1,1,2
4928,10,1,1,1
4929,10,1,1,2
4930,10,1,1,1
4931,10,1,1,2
4932,10,1,1,1
4933,10,1,1,2
4934,10,1,1,1
4935,10,1,1,2
4936,10,1,1,1
4937,10,1,1,2
4938,10,1,1,1
4939,10,1,1,2
4940,10,1,1,1
4941,10,1,1,2
4942,10,1,1,1
4943,10,1,1,2
4944,10,1,1,1
4945,10,1,1,2
4946,10,1,1,1
4947,10,1,1,2
4948,10,1,1,1
4949,10,1,1,2
4950,10,1,1,1
4951,10,1,1,2
4952,10,1,1,1
4953,10,1,1,2
4954,10,1,1,1
4955,10,1,1,2
4956,10,1,1,1
4957,10,1,1,2
4958,10,1,1,1
4959,10,1,1,2
4960,10,1,1,1
4961,10,1,1,2
4962,10,1,1,1
4963,10,1,1,2
4964,10,1,1,1
4965,10,1,1,2
4966,10,1,1,1
4967,10,1,1,2
4968,10,1,1,1
4969,10,1,1,2
4970,10,1,1,1
4971,10,1,1,2
4972,10,1,1,1
4973,10,1,1,2
4974,10,1,1,1
4975,10,1,1,2
4976,10,1,1,1
4977,10,1,1,2
4978,10,1,1,1
4979,10,1,1,2
4980,10,1,1,1
4981,10,1,1,2
4982,10,1,1,1
4983,10,1,1,2
4984,10,1,1,1
4985,10,1,1,2
4986,10,1,1,1
4987,10,1,1,2
4988,10,2,1,1
4989,10,2,1,2
4990,10,2,1,1
4991,10,2,1,2
4992,10,2,1,1
4993,10,2,1,2
4994,10,2,1,1
4995,10,2,1,2
4996,10,2,1,1
4997,10,2,1,2
4998,10,2,1,1
4999,10,2,1,2
5000,10,2,1,1
5001,10,2,1,2
5002,10,2,1,1
5003,10,2,1,2
5004,10,2,1,1
5005,10,2,1,2
5006,10,2,1,1
5007,10,2,1,2
5008,10,2,1,1
5009,10,2,1,2
5010,10,2,1,1
5011,10,2,1,2
5012,10,2,1,1
5013,10,2,1,2
5014,10,2,1,1
5015,10,2,1,2
5016,10,2,1,1
5017,10,2,1,2
5018,10,2,1,1
5019,10,2,1,2
5020,10,2,1,1
5021,10,2,1,2
5022,10,2,1,1
5023,10,2,1,2
5024,10,2,1,1
5025,10,2,1,2
5026,10,2,1,1
5027,10,2,1,2
5028,10,2,1,1
5029,10,2,1,2
5030,10,2,1,1
5031,10,2,1,2
5032,10,2,1,1
5033,10,2,1,2
5034,10,2,1,1
5035,10,2,1,2
5036,10,2,1,1
5037,10,2,1,2
5038,10,2,1,1
5039,10,2,1,2
5040,10,2,1,1
5041,10,2,1,2
5042,10,2,1,1
5043,10,2,1,2
5044,10,2,1,1
5045,10,2,1,2
5046,10,2,1,1
5047,10,2,1,2
5048,10,2,1,1
5049,10,2,1,2
5050,10,2,1,1
5051,10,2,1,2
5052,10,2,1,1
5053,10,2,1,2
5054,10,2,1,1
5055,10,2,1,2
5056,10,2,1,1
5057,10,2,1,2
5058,10,2,1,1
5059,10,2,1,2
5060,10,2,1,1
5061,10,2,1,2
5062,10,2,1,1
5063,10,2,1,2
5064,10,2,1,1
5065,10,2,1,2
5066,10,2,1,1
5067,10,2,1,2
5068,10,2,1,1
5069,10,2,1,2
5070,10,2,1,1
5071,10,2,1,2
5072,10,2,1,1
5073,10,2,1,2
5074,10,2,1,1
5075,10,2,1,2
5076,10,2,1,1
5077,10,2,1,2
5078,10,2,1,1
5079,10,2,1,2
5080,10,2,1,1
5081,10,2,1,2
5082,10,2,1,1
5083,10,2,1,2
5084,10,2,1,1
5085,10,2,1,2
5086,10,2,1,1
5087,10,2,1,2
5088,10,2,1,1
5089,10,2,1,2
5090,10,2,1,1
5091,10,2,1,2
5092,10,2,1,1
5093,10,2,1,2
5094,10,2,1,1
5095,10,2,1,2
5096,10,2,1,1
5097,10,2,1,2
5098,10,2,1,1
5099,10,2,1,2
5100,10,2,1,1
5101,10,2,1,2
5102,10,2,1,1
5103,10,2,1,2
5104,10,2,1,1
5105,10,2,1,2
5106,10,2,1,1
5107,10,2,1,2
5108,10,2,1,1
5109,10,2,1,2
5110,10,2,1,1
5111,10,2,1,2
5112,10,2,1,1
5113,10,2,1,2
5114,10,2,1,1
5115,10,2,1,2
5116,10,2,1,1
5117,10,2,1,2
5118,10,2,1,1
5119,10,2,1,2
5120,10,2,1,1
5121,10,2,1,2
5122,10,2,1,1
5123,10,2,1,2
5124,10,2,1,1
5125,10,2,1,2
5126,10,2,1,1
5127,10,2,1,2
5128,10,2,1,1
5129,10,2,1,2
5130,10,2,1,1
5131,10,2,1,2
5132,10,1,2,1
5133,10,1,2,2
5134,10,1,2,1
5135,10,1,2,2
5136,10,1,2,1
5137,10,1,2,2
5138,10,1,2,1
5139,10,1,2,2
5140,10,1,2,1
5141,10,1,2,2
5142,10,1,2,1
5143,10,1,2,2
5144,10,1,2,1
5145,10,1,2,2
5146,10,1,2,1
5147,10,1,2,2
5148,10,1,2,1
5149,10,1,2,2
5150,10,1,2,1
5151,10,1,2,2
5152,10,1,2,1
5153,10,1,2,2
5154,10,1,2,1
5155,10,1,2,2
5156,10,1,2,1
5157,10,1,2,2
5158,10,1,2,1
5159,10,1,2,2
5160,10,1,2,1
5161,10,1,2,2
5162,10,1,2,1
5163,10,1,2,2
5164,10,1,2,1
5165,10,1,2,2
5166,10,1,2,1
5167,10,1,2,2
5168,10,1,2,1
5169,10,1,2,2
5170,10,1,2,1
5171,10,1,2,2
5172,10,1,2,1
5173,10,1,2,2
5174,10,1,2,1
5175,10,1,2,2
5176,10,1,2,1
5177,10,1,2,2
5178,10,1,2,1
5179,10,1,2,2
5180,10,1,2,1
5181,10,1,2,2
5182,10,1,2,1
5183,10,1,2,2
5184,10,1,2,1
5185,10,1,2,2
5186,10,1,2,1
5187,10,1,2,2
5188,10,1,2,1
5189,10,1,2,2
5190,10,1,2,1
5191,10,1,2,2
5192,10,1,2,1
5193,10,1,2,2
5194,10,1,2,1
5195,10,1,2,2
5196,10,1,2,1
5197,10,1,2,2
5198,10,1,2,1
5199,10,1,2,2
5200,10,1,2,1
5201,10,1,2,2
5202,10,1,2,1
5203,10,1,2,2
5204,10,1,2,1
5205,10,1,2,2
5206,10,1,2,1
5207,10,1,2,2
5208,10,1,2,1
5209,10,1,2,2
5210,10,1,2,1
5211,10,1,2,2
5212,10,1,2,1
5213,10,1,2,2
5214,10,1,2,1
5215,10,1,2,2
5216,10,1,2,1
5217,10,1,2,2
5218,10,1,2,1
5219,10,1,2,2
5220,10,1,2,1
5221,10,1,2,2
5222,10,1,2,1
5223,10,1,2,2
5224,10,1,2,1
5225,10,1,2,2
5226,10,1,2,1
5227,10,1,2,2
5228,10,1,2,1
5229,10,1,2,2
5230,10,1,2,1
5231,10,1,2,2
5232,10,1,2,1
5233,10,1,2,2
5234,10,1,2,1
5235,10,1,2,2
5236,10,1,2,1
5237,10,1,2,2
5238,10,1,2,1
5239,10,1,2,2
5240,10,1,2,1
5241,10,1,2,2
5242,10,1,2,1
5243,10,1,2,2
5244,10,1,2,1
5245,10,1,2,2
5246,10,1,2,1
5247,10,1,2,2
5248,10,1,2,1
5249,10,1,2,2
5250,10,1,2,1
5251,10,1,2,2
5252,10,1,2,1
5253,10,1,2,2
5254,10,1,2,1
5255,10,1,2,2
5256,10,1,2,1
5257,10,1,2,2
5258,10,1,2,1
5259,10,1,2,2
5260,10,1,2,1
5261,10,1,2,2
5262,10,1,2,1
5263,10,1,2,2
5264,10,1,2,1
5265,10,1,2,2
5266,10,1,2,1
5267,10,1,2,2
5268,10,1,2,1
5269,10,1,2,2
5270,10,1,2,1
5271,10,1,2,2
5272,10,1,2,1
5273,10,1,2,2
5274,10,1,2,1
5275,10,1,2,2
5276,10,2,2,1
5277,10,2,2,2
5278,10,2,2,1
5279,10,2,2,2
5280,10,2,2,1
5281,10,2,2,2
5282,10,2,2,1
5283,10,2,2,2
5284,10,2,2,1
5285,10,2,2,2
5286,10,2,2,1
5287,10,2,2,2
5288,10,2,2,1
5289,10,2,2,2
5290,10,2,2,1
5291,10,2,2,2
5292,10,2,2,1
5293,10,2,2,2
5294,10,2,2,1
5295,10,2,2,2
5296,10,2,2,1
5297,10,2,2,2
5298,10,2,2,1
5299,10,2,2,2
5300,10,2,2,1
5301,10,2,2,2
5302,10,2,2,1
5303,10,2,2,2
5304,10,2,2,1
5305,10,2,2,2
5306,10,2,2,1
5307,10,2,2,2
5308,10,2,2,1
5309,10,2,2,2
5310,10,2,2,1
5311,10,2,2,2
5312,10,2,2,1
5313,10,2,2,2
5314,10,2,2,1
5315,10,2,2,2
5316,10,2,2,1
5317,10,2,2,2
5318,10,2,2,1
5319,10,2,2,2
5320,10,2,2,1
5321,10,2,2,2
5322,10,2,2,1
5323,10,2,2,2
5324,10,2,2,1
5325,10,2,2,2
5326,10,2,2,1
5327,10,2,2,2
5328,10,2,2,1
5329,10,2,2,2
5330,10,2,2,1
5331,10,2,2,2
5332,10,2,2,1
5333,10,2,2,2
5334,10,2,2,1
5335,10,2,2,2
5336,10,2,2,1
5337,10,2,2,2
5338,10,2,2,1
5339,10,2,2,2
5340,10,2,2,1
5341,10,2,2,2
5342,10,2,2,1
5343,10,2,2,2
5344,10,2,2,1
5345,10,2,2,2
5346,10,2,2,1
5347,10,2,2,2
5348,10,2,2,1
5349,10,2,2,2
5350,10,2,2,1
5351,10,2,2,2
5352,10,2,2,1
5353,10,2,2,2
5354,10,2,2,1
5355,10,2,2,2
5356,10,2,2,1
5357,10,2,2,2
5358,10,2,2,1
5359,10,2,2,2
5360,10,2,2,1
5361,10,2,2,2
5362,10,2,2,1
5363,10,2,2,2
5364,10,2,2,1
5365,10,2,2,2
5366,10,2,2,1
5367,10,2,2,2
5368,10,2,2,1
5369,10,2,2,2
5370,10,2,2,1
5371,10,2,2,2
5372,10,2,2,1
5373,10,2,2,2
5374,10,2,2,1
5375,10,2,2,2
5376,10,2,2,1
5377,10,2,2,2
5378,10,2,2,1
5379,10,2,2,2
5380,10,2,2,1
5381,10,2,2,2
5382,10,2,2,1
5383,10,2,2,2
5384,10,2,2,1
5385,10,2,2,2
5386,10,2,2,1
5387,10,2,2,2
5388,10,2,2,1
5389,10,2,2,2
5390,10,2,2,1
5391,10,2,2,2
5392,10,2,2,1
5393,10,2,2,2
5394,10,2,2,1
5395,10,2,2,2
5396,10,2,2,1
5397,10,2,2,2
5398,10,2,2,1
5399,10,2,2,2
5400,10,2,2,1
5401,10,2,2,2
5402,10,2,2,1
5403,10,2,2,2
5404,10,2,2,1
5405,10,2,2,2
5406,10,2,2,1
5407,10,2,2,2
5408,10,2,2,1
5409,10,2,2,2
5410,10,2,2,1
5411,10,2,2,2
5412,10,2,2,1
5413,10,2,2,2
5414,10,2,2,1
5415,10,2,2,2
5416,10,2,2,1
5417,10,2,2,2
5418,10,2,2,1
5419,10,2,2,2
5420,11,1,1,1
5421,11,1,1,2
5422,11,1,1,1
5423,11,1,1,2
5424,11,1,1,1
5425,11,1,1,2
5426,11,1,1,1
5427,11,1,1,2
5428,11,1,1,1
5429,11,1,1,2
5430,11,1,1,1
5431,11,1,1,2
5432,11,1,1,1
5433,11,1,1,2
5434,11,1,1,1
5435,11,1,1,2
5436,11,1,1,1
5437,11,1,1,2
5438,11,1,1,1
5439,11,1,1,2
5440,11,1,1,1
5441,11,1,1,2
5442,11,1,1,1
5443,11,1,1,2
5444,11,1,1,1
5445,11,1,1,2
5446,11,1,1,1
5447,11,1,1,2
5448,11,1,1,1
5449,11,1,1,2
5450,11,1,1,1
5451,11,1,1,2
5452,11,1,1,1
5453,11,1,1,2
5454,11,1,1,1
5455,11,1,1,2
5456,11,1,1,1
5457,11,1,1,2
5458,11,1,1,1
5459,11,1,1,2
5460,11,1,1,1
5461,11,1,1,2
5462,11,1,1,1
5463,11,1,1,2
5464,11,1,1,1
5465,11,1,1,2
5466,11,1,1,1
5467,11,1,1,2
5468,11,1,1,1
5469,11,1,1,2
5470,11,1,1,1
5471,11,1,1,2
5472,11,1,1,1
5473,11,1,1,2
5474,11,1,1,1
5475,11,1,1,2
5476,11,1,1,1
5477,11,1,1,2
5478,11,1,1,1
5479,11,1,1,2
5480,11,1,1,1
5481,11,1,1,2
5482,11,1,1,1
5483,11,1,1,2
5484,11,1,1,1
5485,11,1,1,2
5486,11,1,1,1
5487,11,1,1,2
5488,11,1,1,1
5489,11,1,1,2
5490,11,1,1,1
5491,11,1,1,2
5492,11,1,1,1
5493,11,1,1,2
5494,11,1,1,1
5495,11,1,1,2
5496,11,1,1,1
5497,11,1,1,2
5498,11,1,1,1
5499,11,1,1,2
5500,11,1,1,1
5501,11,1,1,2
5502,11,1,1,1
5503,11,1,1,2
5504,11,1,1,1
5505,11,1,1,2
5506,11,1,1,1
5507,11,1,1,2
5508,11,1,1,1
5509,11,1,1,2
5510,11,1,1,1
5511,11,1,1,2
5512,11,1,1,1
5513,11,1,1,2
5514,11,1,1,1
5515,11,1,1,2
5516,11,1,1,1
5517,11,1,1,2
5518,11,1,1,1
5519,11,1,1,2
5520,11,1,1,1
5521,11,1,1,2
5522,11,1,1,1
5523,11,1,1,2
5524,11,1,1,1
5525,11,1,1,2
5526,11,1,1,1
5527,11,1,1,2
5528,11,1,1,1
5529,11,1,1,2
5530,11,1,1,1
5531,11,1,1,2
5532,11,1,1,1
5533,11,1,1,2
5534,11,1,1,1
5535,11,1,1,2
5536,11,1,1,1
5537,11,1,1,2
5538,11,1,1,1
5539,11,1,1,2
5540,11,1,1,1
5541,11,1,1,2
5542,11,1,1,1
5543,11,1,1,2
5544,11,1,1,1
5545,11,1,1,2
5546,11,1,1,1
5547,11,1,1,2
5548,11,1,1,1
5549,11,1,1,2
5550,11,1,1,1
5551,11,1,1,2
5552,11,1,1,1
5553,11,1,1,2
5554,11,1,1,1
5555,11,1,1,2
5556,11,1,1,1
5557,11,1,1,2
5558,11,1,1,1
5559,11,1,1,2
5560,11,1,1,1
5561,11,1,1,2
5562,11,1,1,1
5563,11,1,1,2
5564,11,2,1,1
5565,11,2,1,2
5566,11,2,1,1
5567,11,2,1,2
5568,11,2,1,1
5569,11,2,1,2
5570,11,2,1,1
5571,11,2,1,2
5572,11,2,1,1
5573,11,2,1,2
5574,11,2,1,1
5575,11,2,1,2
5576,11,2,1,1
5577,11,2,1,2
5578,11,2,1,1
5579,11,2,1,2
5580,11,2,1,1
5581,11,2,1,2
5582,11,2,1,1
5583,11,2,1,2
5584,11,2,1,1
5585,11,2,1,2
5586,11,2,1,1
5587,11,2,1,2
5588,11,2,1,1
5589,11,2,1,2
5590,11,2,1,1
5591,11,2,1,2
5592,11,2,1,1
5593,11,2,1,2
5594,11,2,1,1
5595,11,2,1,2
5596,11,2,1,1
5597,11,2,1,2
5598,11,2,1,1
5599,11,2,1,2
5600,11,2,1,1
5601,11,2,1,2
5602,11,2,1,1
5603,11,2,1,2
5604,11,2,1,1
5605,11,2,1,2
5606,11,2,1,1
5607,11,2,1,2
5608,11,2,1,1
5609,11,2,1,2
5610,11,2,1,1
5611,11,2,1,2
5612,11,2,1,1
5613,11,2,1,2
5614,11,2,1,1
5615,11,2,1,2
5616,11,2,1,1
5617,11,2,1,2
5618,11,2,1,1
5619,11,2,1,2
5620,11,2,1,1
5621,11,2,1,2
5622,11,2,1,1
5623,11,2,1,2
5624,11,2,1,1
5625,11,2,1,2
5626,11,2,1,1
5627,11,2,1,2
5628,11,2,1,1
5629,11,2,1,2
5630,11,2,1,1
5631,11,2,1,2
5632,11,2,1,1
5633,11,2,1,2
5634,11,2,1,1
5635,11,2,1,2
5636,11,2,1,1
5637,11,2,1,2
5638,11,2,1,1
5639,11,2,1,2
5640,11,2,1,1
5641,11,2,1,2
5642,11,2,1,1
5643,11,2,1,2
5644,11,2,1,1
5645,11,2,1,2
5646,11,2,1,1
5647,11,2,1,2
5648,11,2,1,1
5649,11,2,1,2
5650,11,2,1,1
5651,11,2,1,2
5652,11,2,1,1
5653,11,2,1,2
5654,11,2,1,1
5655,11,2,1,2
5656,11,2,1,1
5657,11,2,1,2
5658,11,2,1,1
5659,11,2,1,2
5660,11,2,1,1
5661,11,2,1,2
5662,11,2,1,1
5663,11,2,1,2
5664,11,2,1,1
5665,11,2,1,2
5666,11,2,1,1
5667,11,2,1,2
5668,11,2,1,1
5669,11,2,1,2
5670,11,2,1,1
5671,11,2,1,2
5672,11,2,1,1
5673,11,2,1,2
5674,11,2,1,1
5675,11,2,1,2
5676,11,2,1,1
5677,11,2,1,2
5678,11,2,1,1
5679,11,2,1,2
5680,11,2,1,1
5681,11,2,1,2
5682,11,2,1,1
5683,11,2,1,2
5684,11,2,1,1
5685,11,2,1,2
5686,11,2,1,1
5687,11,2,1,2
5688,11,2,1,1
5689,11,2,1,2
5690,11,2,1,1
5691,11,2,1,2
5692,11,2,1,1
5693,11,2,1,2
5694,11,2,1,1
5695,11,2,1,2
5696,11,2,1,1
5697,11,2,1,2
5698,11,2,1,1
5699,11,2,1,2
5700,11,2,1,1
5701,11,2,1,2
5702,11,2,1,1
5703,11,2,1,2
5704,11,2,1,1
5705,11,2,1,2
5706,11,2,1,1
5707,11,2,1,2
5708,11,1,2,1
5709,11,1,2,2
5710,11,1,2,1
5711,11,1,2,2
5712,11,1,2,1
5713,11,1,2,2
5714,11,1,2,1
5715,11,1,2,2
5716,11,1,2,1
5717,11,1,2,2
5718,11,1,2,1
5719,11,1,2,2
5720,11,1,2,1
5721,11,1,2,2
5722,11,1,2,1
5723,11,1,2,2
5724,11,1,2,1
5725,11,1,2,2
5726,11,1,2,1
5727,11,1,2,2
5728,11,1,2,1
5729,11,1,2,2
5730,11,1,2,1
5731,11,1,2,2
5732,11,1,2,1
5733,11,1,2,2
5734,11,1,2,1
5735,11,1,2,2
5736,11,1,2,1
5737,11,1,2,2
5738,11,1,2,1
5739,11,1,2,2
5740,11,1,2,1
5741,11,1,2,2
5742,11,1,2,1
5743,11,1,2,2
5744,11,1,2,1
5745,11,1,2,2
5746,11,1,2,1
5747,11,1,2,2
5748,11,1,2,1
5749,11,1,2,2
5750,11,1,2,1
5751,11,1,2,2
5752,11,1,2,1
5753,11,1,2,2
5754,11,1,2,1
5755,11,1,2,2
5756,11,1,2,1
5757,11,1,2,2
5758,11,1,2,1
5759,11,1,2,2
5760,11,1,2,1
5761,11,1,2,2
5762,11,1,2,1
5763,11,1,2,2
5764,11,1,2,1
5765,11,1,2,2
5766,11,1,2,1
5767,11,1,2,2
5768,11,1,2,1
5769,11,1,2,2
5770,11,1,2,1
5771,11,1,2,2
5772,11,1,2,1
5773,11,1,2,2
5774,11,1,2,1
5775,11,1,2,2
5776,11,1,2,1
5777,11,1,2,2
5778,11,1,2,1
5779,11,1,2,2
5780,11,1,2,1
5781,11,1,2,2
5782,11,1,2,1
5783,11,1,2,2
5784,11,1,2,1
5785,11,1,2,2
5786,11,1,2,1
5787,11,1,2,2
5788,11,1,2,1
5789,11,1,2,2
5790,11,1,2,1
5791,11,1,2,2
5792,11,1,2,1
5793,11,1,2,2
5794,11,1,2,1
5795,11,1,2,2
5796,11,1,2,1
5797,11,1,2,2
5798,11,1,2,1
5799,11,1,2,2
5800,11,1,2,1
5801,11,1,2,2
5802,11,1,2,1
5803,11,1,2,2
5804,11,1,2,1
5805,11,1,2,2
5806,11,1,2,1
5807,11,1,2,2
5808,11,1,2,1
5809,11,1,2,2
5810,11,1,2,1
5811,11,1,2,2
5812,11,1,2,1
5813,11,1,2,2
5814,11,1,2,1
5815,11,1,2,2
5816,11,1,2,1
5817,11,1,2,2
5818,11,1,2,1
5819,11,1,2,2
5820,11,1,2,1
5821,11,1,2,2
5822,11,1,2,1
5823,11,1,2,2
5824,11,1,2,1
5825,11,1,2,2
5826,11,1,2,1
5827,11,1,2,2
5828,11,1,2,1
5829,11,1,2,2
5830,11,1,2,1
5831,11,1,2,2
5832,11,1,2,1
5833,11,1,2,2
5834,11,1,2,1
5835,11,1,2,2
5836,11,1,2,1
5837,11,1,2,2
5838,11,1,2,1
5839,11,1,2,2
5840,11,1,2,1
5841,11,1,2,2
5842,11,1,2,1
5843,11,1,2,2
5844,11,1,2,1
5845,11,1,2,2
5846,11,1,2,1
5847,11,1,2,2
5848,11,1,2,1
5849,11,1,2,2
5850,11,1,2,1
5851,11,1,2,2
5852,11,2,2,1
5853,11,2,2,2
5854,11,2,2,1
5855,11,2,2,2
5856,11,2,2,1
5857,11,2,2,2
5858,11,2,2,1
5859,11,2,2,2
5860,11,2,2,1
5861,11,2,2,2
5862,11,2,2,1
5863,11,2,2,2
5864,11,2,2,1
5865,11,2,2,2
5866,11,2,2,1
5867,11,2,2,2
5868,11,2,2,1
5869,11,2,2,2
5870,11,2,2,1
5871,11,2,2,2
5872,11,2,2,1
5873,11,2,2,2
5874,11,2,2,1
5875,11,2,2,2
5876,11,2,2,1
5877,11,2,2,2
5878,11,2,2,1
5879,11,2,2,2
5880,11,2,2,1
5881,11,2,2,2
5882,11,2,2,1
5883,11,2,2,2
5884,11,2,2,1
5885,11,2,2,2
5886,11,2,2,1
5887,11,2,2,2
5888,11,2,2,1
5889,11,2,2,2
5890,11,2,2,1
5891,11,2,2,2
5892,11,2,2,1
5893,11,2,2,2
5894,11,2,2,1
5895,11,2,2,2
5896,11,2,2,1
5897,11,2,2,2
5898,11,2,2,1
5899,11,2,2,2
5900,11,2,2,1
5901,11,2,2,2
5902,11,2,2,1
5903,11,2,2,2
5904,11,2,2,1
5905,11,2,2,2
5906,11,2,2,1
5907,11,2,2,2
5908,11,2,2,1
5909,11,2,2,2
5910,11,2,2,1
5911,11,2,2,2
5912,11,2,2,1
5913,11,2,2,2
5914,11,2,2,1
5915,11,2,2,2
5916,11,2,2,1
5917,11,2,2,2
5918,11,2,2,1
5919,11,2,2,2
5920,11,2,2,1
5921,11,2,2,2
5922,11,2,2,1
5923,11,2,2,2
5924,11,2,2,1
5925,11,2,2,2
5926,11,2,2,1
5927,11,2,2,2
5928,11,2,2,1
5929,11,2,2,2
5930,11,2,2,1
5931,11,2,2,2
5932,11,2,2,1
5933,11,2,2,2
5934,11,2,2,1
5935,11,2,2,2
5936,11,2,2,1
5937,11,2,2,2
5938,11,2,2,1
5939,11,2,2,2
5940,11,2,2,1
5941,11,2,2,2
5942,11,2,2,1
5943,11,2,2,2
5944,11,2,2,1
5945,11,2,2,2
5946,11,2,2,1
5947,11,2,2,2
5948,11,2,2,1
5949,11,2,2,2
5950,11,2,2,1
5951,11,2,2,2
5952,11,2,2,1
5953,11,2,2,2
5954,11,2,2,1
5955,11,2,2,2
5956,11,2,2,1
5957,11,2,2,2
5958,11,2,2,1
5959,11,2,2,2
5960,11,2,2,1
5961,11,2,2,2
5962,11,2,2,1
5963,11,2,2,2
5964,11,2,2,1
5965,11,2,2,2
5966,11,2,2,1
5967,11,2,2,2
5968,11,2,2,1
5969,11,2,2,2
5970,11,2,2,1
5971,11,2,2,2
5972,11,2,2,1
5973,11,2,2,2
5974,11,2,2,1
5975,11,2,2,2
5976,11,2,2,1
5977,11,2,2,2
5978,11,2,2,1
5979,11,2,2,2
5980,11,2,2,1
5981,11,2,2,2
5982,11,2,2,1
5983,11,2,2,2
5984,11,2,2,1
5985,11,2,2,2
5986,11,2,2,1
5987,11,2,2,2
5988,11,2,2,1
5989,11,2,2,2
5990,11,2,2,1
5991,11,2,2,2
5992,11,2,2,1
5993,11,2,2,2
5994,11,2,2,1
5995,11,2,2,2
5996,12,1,1,1
5997,12,1,1,2
5998,12,1,1,1
5999,12,1,1,2
6000,12,1,1,1
6001,12,1,1,2
6002,12,1,1,1
6003,12,1,1,2
6004,12,1,1,1
6005,12,1,1,2
6006,12,1,1,1
6007,12,1,1,2
6008,12,1,1,1
6009,12,1,1,2
6010,12,1,1,1
6011,12,1,1,2
6012,12,1,1,1
6013,12,1,1,2
6014,12,1,1,1
6015,12,1,1,2
6016,12,1,1,1
6017,12,1,1,2
6018,12,1,1,1
6019,12,1,1,2
6020,12,1,1,1
6021,12,1,1,2
6022,12,1,1,1
6023,12,1,1,2
6024,12,1,1,1
6025,12,1,1,2
6026,12,1,1,1
6027,12,1,1,2
6028,12,1,1,1
6029,12,1,1,2
6030,12,1,1,1
6031,12,1,1,2
6032,12,1,1,1
6033,12,1,1,2
6034,12,1,1,1
6035,12,1,1,2
6036,12,1,1,1
6037,12,1,1,2
6038,12,1,1,1
6039,12,1,1,2
6040,12,1,1,1
6041,12,1,1,2
6042,12,1,1,1
6043,12,1,1,2
6044,12,1,1,1
6045,12,1,1,2
6046,12,1,1,1
6047,12,1,1,2
6048,12,1,1,1
6049,12,1,1,2
6050,12,1,1,1
6051,12,1,1,2
6052,12,1,1,1
6053,12,1,1,2
6054,12,1,1,1
6055,12,1,1,2
6056,12,1,1,1
6057,12,1,1,2
6058,12,1,1,1
6059,12,1,1,2
6060,12,1,1,1
6061,12,1,1,2
6062,12,1,1,1
6063,12,1,1,2
6064,12,1,1,1
6065,12,1,1,2
6066,12,1,1,1
6067,12,1,1,2
6068,12,1,1,1
6069,12,1,1,2
6070,12,1,1,1
6071,12,1,1,2
6072,12,1,1,1
6073,12,1,1,2
6074,12,1,1,1
6075,12,1,1,2
6076,12,1,1,1
6077,12,1,1,2
6078,12,1,1,1
6079,12,1,1,2
6080,12,1,1,1
6081,12,1,1,2
6082,12,1,1,1
6083,12,1,1,2
6084,12,1,1,1
6085,12,1,1,2
6086,12,1,1,1
6087,12,1,1,2
6088,12,1,1,1
6089,12,1,1,2
6090,12,1,1,1
6091,12,1,1,2
6092,12,1,1,1
6093,12,1,1,2
6094,12,1,1,1
6095,12,1,1,2
6096,12,1,1,1
6097,12,1,1,2
6098,12,1,1,1
6099,12,1,1,2
6100,12,1,1,1
6101,12,1,1,2
6102,12,1,1,1
6103,12,1,1,2
6104,12,1,1,1
6105,12,1,1,2
6106,12,1,1,1
6107,12,1,1,2
6108,12,1,1,1
6109,12,1,1,2
6110,12,1,1,1
6111,12,1,1,2
6112,12,1,1,1
6113,12,1,1,2
6114,12,1,1,1
6115,12,1,1,2
6116,12,1,1,1
6117,12,1,1,2
6118,12,1,1,1
6119,12,1,1,2
6120,12,1,1,1
6121,12,1,1,2
6122,12,1,1,1
6123,12,1,1,2
6124,12,1,1,1
6125,12,1,1,2
6126,12,1,1,1
6127,12,1,1,2
6128,12,1,1,1
6129,12,1,1,2
6130,12,1,1,1
6131,12,1,1,2
6132,12,1,1,1
6133,12,1,1,2
6134,12,1,1,1
6135,12,1,1,2
6136,12,1,1,1
6137,12,1,1,2
6138,12,1,1,1
6139,12,1,1,2
6140,12,2,1,1
6141,12,2,1,2
6142,12,2,1,1
6143,12,2,1,2
6144,12,2,1,1
6145,12,2,1,2
6146,12,2,1,1
6147,12,2,1,2
6148,12,2,1,1
6149,12,2,1,2
6150,12,2,1,1
6151,12,2,1,2
6152,12,2,1,1
6153,12,2,1,2
6154,12,2,1,1
6155,12,2,1,2
6156,12,2,1,1
6157,12,2,1,2
6158,12,2,1,1
6159,12,2,1,2
6160,12,2,1,1
6161,12,2,1,2
6162,12,2,1,1
6163,12,2,1,2
6164,12,2,1,1
6165,12,2,1,2
6166,12,2,1,1
6167,12,2,1,2
6168,12,2,1,1
6169,12,2,1,2
6170,12,2,1,1
6171,12,2,1,2
6172,12,2,1,1
6173,12,2,1,2
6174,12,2,1,1
6175,12,2,1,2
6176,12,2,1,1
6177,12,2,1,2
6178,12,2,1,1
6179,12,2,1,2
6180,12,2,1,1
6181,12,2,1,2
6182,12,2,1,1
6183,12,2,1,2
6184,12,2,1,1
6185,12,2,1,2
6186,12,2,1,1
6187,12,2,1,2
6188,12,2,1,1
6189,12,2,1,2
6190,12,2,1,1
6191,12,2,1,2
6192,12,2,1,1
6193,12,2,1,2
6194,12,2,1,1
6195,12,2,1,2
6196,12,2,1,1
6197,12,2,1,2
6198,12,2,1,1
6199,12,2,1,2
6200,12,2,1,1
6201,12,2,1,2
6202,12,2,1,1
6203,12,2,1,2
6204,12,2,1,1
6205,12,2,1,2
6206,12,2,1,1
6207,12,2,1,2
6208,12,2,1,1
6209,12,2,1,2
6210,12,2,1,1
6211,12,2,1,2
6212,12,2,1,1
6213,12,2,1,2
6214,12,2,1,1
6215,12,2,1,2
6216,12,2,1,1
6217,12,2,1,2
6218,12,2,1,1
6219,12,2,1,2
6220,12,2,1,1
6221,12,2,1,2
6222,12,2,1,1
6223,12,2,1,2
6224,12,2,1,1
6225,12,2,1,2
6226,12,2,1,1
6227,12,2,1,2
6228,12,2,1,1
6229,12,2,1,2
6230,12,2,1,1
6231,12,2,1,2
6232,12,2,1,1
6233,12,2,1,2
6234,12,2,1,1
6235,12,2,1,2
6236,12,2,1,1
6237,12,2,1,2
6238,12,2,1,1
6239,12,2,1,2
6240,12,2,1,1
6241,12,2,1,2
6242,12,2,1,1
6243,12,2,1,2
6244,12,2,1,1
6245,12,2,1,2
6246,12,2,1,1
6247,12,2,1,2
6248,12,2,1,1
6249,12,2,1,2
6250,12,2,1,1
6251,12,2,1,2
6252,12,2,1,1
6253,12,2,1,2
6254,12,2,1,1
6255,12,2,1,2
6256,12,2,1,1
6257,12,2,1,2
6258,12,2,1,1
6259,12,2,1,2
6260,12,2,1,1
6261,12,2,1,2
6262,12,2,1,1
6263,12,2,1,2
6264,12,2,1,1
6265,12,2,1,2
6266,12,2,1,1
6267,12,2,1,2
6268,12,2,1,1
6269,12,2,1,2
6270,12,2,1,1
6271,12,2,1,2
6272,12,2,1,1
6273,12,2,1,2
6274,12,2,1,1
6275,12,2,1,2
6276,12,2,1,1
6277,12,2,1,2
6278,12,2,1,1
6279,12,2,1,2
6280,12,2,1,1
6281,12,2,1,2
6282,12,2,1,1
6283,12,2,1,2
6284,12,1,2,1
6285,12,1,2,2
6286,12,1,2,1
6287,12,1,2,2
6288,12,1,2,1
6289,12,1,2,2
6290,12,1,2,1
6291,12,1,2,2
6292,12,1,2,1
6293,12,1,2,2
6294,12,1,2,1
6295,12,1,2,2
6296,12,1,2,1
6297,12,1,2,2
6298,12,1,2,1
6299,12,1,2,2
6300,12,1,2,1
6301,12,1,2,2
6302,12,1,2,1
6303,12,1,2,2
6304,12,1,2,1
6305,12,1,2,2
6306,12,1,2,1
6307,12,1,2,2
6308,12,1,2,1
6309,12,1,2,2
6310,12,1,2,1
6311,12,1,2,2
6312,12,1,2,1
6313,12,1,2,2
6314,12,1,2,1
6315,12,1,2,2
6316,12,1,2,1
6317,12,1,2,2
6318,12,1,2,1
6319,12,1,2,2
6320,12,1,2,1
6321,12,1,2,2
6322,12,1,2,1
6323,12,1,2,2
6324,12,1,2,1
6325,12,1,2,2
6326,12,1,2,1
6327,12,1,2,2
6328,12,1,2,1
6329,12,1,2,2
6330,12,1,2,1
6331,12,1,2,2
6332,12,1,2,1
6333,12,1,2,2
6334,12,1,2,1
6335,12,1,2,2
6336,12,1,2,1
6337,12,1,2,2
6338,12,1,2,1
6339,12,1,2,2
6340,12,1,2,1
6341,12,1,2,2
6342,12,1,2,1
6343,12,1,2,2
6344,12,1,2,1
6345,12,1,2,2
6346,12,1,2,1
6347,12,1,2,2
6348,12,1,2,1
6349,12,1,2,2
6350,12,1,2,1
6351,12,1,2,2
6352,12,1,2,1
6353,12,1,2,2
6354,12,1,2,1
6355,12,1,2,2
6356,12,1,2,1
6357,12,1,2,2
6358,12,1,2,1
6359,12,1,2,2
6360,12,1,2,1
6361,12,1,2,2
6362,12,1,2,1
6363,12,1,2,2
6364,12,1,2,1
6365,12,1,2,2
6366,12,1,2,1
6367,12,1,2,2
6368,12,1,2,1
6369,12,1,2,2
6370,12,1,2,1
6371,12,1,2,2
6372,12,1,2,1
6373,12,1,2,2
6374,12,1,2,1
6375,12,1,2,2
6376,12,1,2,1
6377,12,1,2,2
6378,12,1,2,1
6379,12,1,2,2
6380,12,1,2,1
6381,12,1,2,2
6382,12,1,2,1
6383,12,1,2,2
6384,12,1,2,1
6385,12,1,2,2
6386,12,1,2,1
6387,12,1,2,2
6388,12,1,2,1
6389,12,1,2,2
6390,12,1,2,1
6391,12,1,2,2
6392,12,1,2,1
6393,12,1,2,2
6394,12,1,2,1
6395,12,1,2,2
6396,12,1,2,1
6397,12,1,2,2
6398,12,1,2,1
6399,12,1,2,2
6400,12,1,2,1
6401,12,1,2,2
6402,12,1,2,1
6403,12,1,2,2
6404,12,1,2,1
6405,12,1,2,2
6406,12,1,2,1
6407,12,1,2,2
6408,12,1,2,1
6409,12,1,2,2
6410,12,1,2,1
6411,12,1,2,2
6412,12,1,2,1
6413,12,1,2,2
6414,12,1,2,1
6415,12,1,2,2
6416,12,1,2,1
6417,12,1,2,2
6418,12,1,2,1
6419,12,1,2,2
6420,12,1,2,1
6421,12,1,2,2
6422,12,1,2,1
6423,12,1,2,2
6424,12,1,2,1
6425,12,1,2,2
6426,12,1,2,1
6427,12,1,2,2
6428,12,2,2,1
6429,12,2,2,2
6430,12,2,2,1
6431,12,2,2,2
6432,12,2,2,1
6433,12,2,2,2
6434,12,2,2,1
6435,12,2,2,2
6436,12,2,2,1
6437,12,2,2,2
6438,12,2,2,1
6439,12,2,2,2
6440,12,2,2,1
6441,12,2,2,2
6442,12,2,2,1
6443,12,2,2,2
6444,12,2,2,1
6445,12,2,2,2
6446,12,2,2,1
6447,12,2,2,2
6448,12,2,2,1
6449,12,2,2,2
6450,12,2,2,1
6451,12,2,2,2
6452,12,2,2,1
6453,12,2,2,2
6454,12,2,2,1
6455,12,2,2,2
6456,12,2,2,1
6457,12,2,2,2
6458,12,2,2,1
6459,12,2,2,2
6460,12,2,2,1
6461,12,2,2,2
6462,12,2,2,1
6463,12,2,2,2
6464,12,2,2,1
6465,12,2,2,2
6466,12,2,2,1
6467,12,2,2,2
6468,12,2,2,1
6469,12,2,2,2
6470,12,2,2,1
6471,12,2,2,2
6472,12,2,2,1
6473,12,2,2,2
6474,12,2,2,1
6475,12,2,2,2
6476,12,2,2,1
6477,12,2,2,2
6478,12,2,2,1
6479,12,2,2,2
6480,12,2,2,1
6481,12,2,2,2
6482,12,2,2,1
6483,12,2,2,2
6484,12,2,2,1
6485,12,2,2,2
6486,12,2,2,1
6487,12,2,2,2
6488,12,2,2,1
6489,12,2,2,2
6490,12,2,2,1
6491,12,2,2,2
6492,12,2,2,1
6493,12,2,2,2
6494,12,2,2,1
6495,12,2,2,2
6496,12,2,2,1
6497,12,2,2,2
6498,12,2,2,1
6499,12,2,2,2
6500,12,2,2,1
6501,12,2,2,2
6502,12,2,2,1
6503,12,2,2,2
6504,12,2,2,1
6505,12,2,2,2
6506,12,2,2,1
6507,12,2,2,2
6508,12,2,2,1
6509,12,2,2,2
6510,12,2,2,1
6511,12,2,2,2
6512,12,2,2,1
6513,12,2,2,2
6514,12,2,2,1
6515,12,2,2,2
6516,12,2,2,1
6517,12,2,2,2
6518,12,2,2,1
6519,12,2,2,2
6520,12,2,2,1
6521,12,2,2,2
6522,12,2,2,1
6523,12,2,2,2
6524,12,2,2,1
6525,12,2,2,2
6526,12,2,2,1
6527,12,2,2,2
6528,12,2,2,1
6529,12,2,2,2
6530,12,2,2,1
6531,12,2,2,2
6532,12,2,2,1
6533,12,2,2,2
6534,12,2,2,1
6535,12,2,2,2
6536,12,2,2,1
6537,12,2,2,2
6538,12,2,2,1
6539,12,2,2,2
6540,12,2,2,1
6541,12,2,2,2
6542,12,2,2,1
6543,12,2,2,2
6544,12,2,2,1
6545,12,2,2,2
6546,12,2,2,1
6547,12,2,2,2
6548,12,2,2,1
6549,12,2,2,2
6550,12,2,2,1
6551,12,2,2,2
6552,12,2,2,1
6553,12,2,2,2
6554,12,2,2,1
6555,12,2,2,2
6556,12,2,2,1
6557,12,2,2,2
6558,12,2,2,1
6559,12,2,2,2
6560,12,2,2,1
6561,12,2,2,2
6562,12,2,2,1
6563,12,2,2,2
6564,12,2,2,1
6565,12,2,2,2
6566,12,2,2,1
6567,12,2,2,2
6568,12,2,2,1
6569,12,2,2,2
6570,12,2,2,1
6571,12,2,2,2
6572,13,1,1,1
6573,13,1,1,2
6574,13,1,1,1
6575,13,1,1,2
6576,13,1,1,1
6577,13,1,1,2
6578,13,1,1,1
6579,13,1,1,2
6580,13,1,1,1
6581,13,1,1,2
6582,13,1,1,1
6583,13,1,1,2
6584,13,1,1,1
6585,13,1,1,2
6586,13,1,1,1
6587,13,1,1,2
6588,13,1,1,1
6589,13,1,1,2
6590,13,1,1,1
6591,13,1,1,2
6592,13,1,1,1
6593,13,1,1,2
6594,13,1,1,1
6595,13,1,1,2
6596,13,1,1,1
6597,13,1,1,2
6598,13,1,1,1
6599,13,1,1,2
6600,13,1,1,1
6601,13,1,1,2
6602,13,1,1,1
6603,13,1,1,2
6604,13,1,1,1
6605,13,1,1,2
6606,13,1,1,1
6607,13,1,1,2
6608,13,1,1,1
6609,13,1,1,2
6610,13,1,1,1
6611,13,1,1,2
6612,13,1,1,1
6613,13,1,1,2
6614,13,1,1,1
6615,13,1,1,2
6616,13,1,1,1
6617,13,1,1,2
6618,13,1,1,1
6619,13,1,1,2
6620,13,1,1,1
6621,13,1,1,2
6622,13,1,1,1
6623,13,1,1,2
6624,13,1,1,1
6625,13,1,1,2
6626,13,1,1,1
6627,13,1,1,2
6628,13,1,1,1
6629,13,1,1,2
6630,13,1,1,1
6631,13,1,1,2
6632,13,1,1,1
6633,13,1,1,2
6634,13,1,1,1
6635,13,1,1,2
6636,13,1,1,1
6637,13,1,1,2
6638,13,1,1,1
6639,13,1,1,2
6640,13,1,1,1
6641,13,1,1,2
6642,13,1,1,1
6643,13,1,1,2
6644,13,1,1,1
6645,13,1,1,2
6646,13,1,1,1
6647,13,1,1,2
6648,13,1,1,1
6649,13,1,1,2
6650,13,1,1,1
6651,13,1,1,2
6652,13,1,1,1
6653,13,1,1,2
6654,13,1,1,1
6655,13,1,1,2
6656,13,1,1,1
6657,13,1,1,2
6658,13,1,1,1
6659,13,1,1,2
6660,13,1,1,1
6661,13,1,1,2
6662,13,1,1,1
6663,13,1,1,2
6664,13,1,1,1
6665,13,1,1,2
6666,13,1,1,1
6667,13,1,1,2
6668,13,1,1,1
6669,13,1,1,2
6670,13,1,1,1
6671,13,1,1,2
6672,13,1,1,1
6673,13,1,1,2
6674,13,1,1,1
6675,13,1,1,2
6676,13,1,1,1
6677,13,1,1,2
6678,13,1,1,1
6679,13,1,1,2
6680,13,1,1,1
6681,13,1,1,2
6682,13,1,1,1
6683,13,1,1,2
6684,13,1,1,1
6685,13,1,1,2
6686,13,1,1,1
6687,13,1,1,2
6688,13,1,1,1
6689,13,1,1,2
6690,13,1,1,1
6691,13,1,1,2
6692,13,1,1,1
6693,13,1,1,2
6694,13,1,1,1
6695,13,1,1,2
6696,13,1,1,1
6697,13,1,1,2
6698,13,1,1,1
6699,13,1,1,2
6700,13,1,1,1
6701,13,1,1,2
6702,13,1,1,1
6703,13,1,1,2
6704,13,1,1,1
6705,13,1,1,2
6706,13,1,1,1
6707,13,1,1,2
6708,13,2,1,1
6709,13,2,1,2
6710,13,2,1,1
6711,13,2,1,2
6712,13,2,1,1
6713,13,2,1,2
6714,13,2,1,1
6715,13,2,1,2
6716,13,2,1,1
6717,13,2,1,2
6718,13,2,1,1
6719,13,2,1,2
6720,13,2,1,1
6721,13,2,1,2
6722,13,2,1,1
6723,13,2,1,2
6724,13,2,1,1
6725,13,2,1,2
6726,13,2,1,1
6727,13,2,1,2
6728,13,2,1,1
6729,13,2,1,2
6730,13,2,1,1
6731,13,2,1,2
6732,13,2,1,1
6733,13,2,1,2
6734,13,2,1,1
6735,13,2,1,2
6736,13,2,1,1
6737,13,2,1,2
6738,13,2,1,1
6739,13,2,1,2
6740,13,2,1,1
6741,13,2,1,2
6742,13,2,1,1
6743,13,2,1,2
6744,13,2,1,1
6745,13,2,1,2
6746,13,2,1,1
6747,13,2,1,2
6748,13,2,1,1
6749,13,2,1,2
6750,13,2,1,1
6751,13,2,1,2
6752,13,2,1,1
6753,13,2,1,2
6754,13,2,1,1
6755,13,2,1,2
6756,13,2,1,1
6757,13,2,1,2
6758,13,2,1,1
6759,13,2,1,2
6760,13,2,1,1
6761,13,2,1,2
6762,13,2,1,1
6763,13,2,1,2
6764,13,2,1,1
6765,13,2,1,2
6766,13,2,1,1
6767,13,2,1,2
6768,13,2,1,1
6769,13,2,1,2
6770,13,2,1,1
6771,13,2,1,2
6772,13,2,1,1
6773,13,2,1,2
6774,13,2,1,1
6775,13,2,1,2
6776,13,2,1,1
6777,13,2,1,2
6778,13,2,1,1
6779,13,2,1,2
6780,13,2,1,1
6781,13,2,1,2
6782,13,2,1,1
6783,13,2,1,2
6784,13,2,1,1
6785,13,2,1,2
6786,13,2,1,1
6787,13,2,1,2
6788,13,2,1,1
6789,13,2,1,2
6790,13,2,1,1
6791,13,2,1,2
6792,13,2,1,1
6793,13,2,1,2
6794,13,2,1,1
6795,13,2,1,2
6796,13,2,1,1
6797,13,2,1,2
6798,13,2,1,1
6799,13,2,1,2
6800,13,2,1,1
6801,13,2,1,2
6802,13,2,1,1
6803,13,2,1,2
6804,13,2,1,1
6805,13,2,1,2
6806,13,2,1,1
6807,13,2,1,2
6808,13,2,1,1
6809,13,2,1,2
6810,13,2,1,1
6811,13,2,1,2
6812,13,2,1,1
6813,13,2,1,2
6814,13,2,1,1
6815,13,2,1,2
6816,13,2,1,1
6817,13,2,1,2
6818,13,2,1,1
6819,13,2,1,2
6820,13,2,1,1
6821,13,2,1,2
6822,13,2,1,1
6823,13,2,1,2
6824,13,2,1,1
6825,13,2,1,2
6826,13,2,1,1
6827,13,2,1,2
6828,13,2,1,1
6829,13,2,1,2
6830,13,2,1,1
6831,13,2,1,2
6832,13,2,1,1
6833,13,2,1,2
6834,13,2,1,1
6835,13,2,1,2
6836,13,2,1,1
6837,13,2,1,2
6838,13,2,1,1
6839,13,2,1,2
6840,13,2,1,1
6841,13,2,1,2
6842,13,1,2,1
6843,13,1,2,2
6844,13,1,2,1
6845,13,1,2,2
6846,13,1,2,1
6847,13,1,2,2
6848,13,1,2,1
6849,13,1,2,2
6850,13,1,2,1
6851,13,1,2,2
6852,13,1,2,1
6853,13,1,2,2
6854,13,1,2,1
6855,13,1,2,2
6856,13,1,2,1
6857,13,1,2,2
6858,13,1,2,1
6859,13,1,2,2
6860,13,1,2,1
6861,13,1,2,2
6862,13,1,2,1
6863,13,1,2,2
6864,13,1,2,1
6865,13,1,2,2
6866,13,1,2,1
6867,13,1,2,2
6868,13,1,2,1
6869,13,1,2,2
6870,13,1,2,1
6871,13,1,2,2
6872,13,1,2,1
6873,13,1,2,2
6874,13,1,2,1
6875,13,1,2,2
6876,13,1,2,1
6877,13,1,2,2
6878,13,1,2,1
6879,13,1,2,2
6880,13,1,2,1
6881,13,1,2,2
6882,13,1,2,1
6883,13,1,2,2
6884,13,1,2,1
6885,13,1,2,2
6886,13,1,2,1
6887,13,1,2,2
6888,13,1,2,1
6889,13,1,2,2
6890,13,1,2,1
6891,13,1,2,2
6892,13,1,2,1
6893,13,1,2,2
6894,13,1,2,1
6895,13,1,2,2
6896,13,1,2,1
6897,13,1,2,2
6898,13,1,2,1
6899,13,1,2,2
6900,13,1,2,1
6901,13,1,2,2
6902,13,1,2,1
6903,13,1,2,2
6904,13,1,2,1
6905,13,1,2,2
6906,13,1,2,1
6907,13,1,2,2
6908,13,1,2,1
6909,13,1,2,2
6910,13,1,2,1
6911,13,1,2,2
6912,13,1,2,1
6913,13,1,2,2
6914,13,1,2,1
6915,13,1,2,2
6916,13,1,2,1
6917,13,1,2,2
6918,13,1,2,1
6919,13,1,2,2
6920,13,1,2,1
6921,13,1,2,2
6922,13,1,2,1
6923,13,1,2,2
6924,13,1,2,1
6925,13,1,2,2
6926,13,1,2,1
6927,13,1,2,2
6928,13,1,2,1
6929,13,1,2,2
6930,13,1,2,1
6931,13,1,2,2
6932,13,1,2,1
6933,13,1,2,2
6934,13,1,2,1
6935,13,1,2,2
6936,13,1,2,1
6937,13,1,2,2
6938,13,1,2,1
6939,13,1,2,2
6940,13,1,2,1
6941,13,1,2,2
6942,13,1,2,1
6943,13,1,2,2
6944,13,1,2,1
6945,13,1,2,2
6946,13,1,2,1
6947,13,1,2,2
6948,13,1,2,1
6949,13,1,2,2
6950,13,1,2,1
6951,13,1,2,2
6952,13,1,2,1
6953,13,1,2,2
6954,13,1,2,1
6955,13,1,2,2
6956,13,1,2,1
6957,13,1,2,2
6958,13,1,2,1
6959,13,1,2,2
6960,13,1,2,1
6961,13,1,2,2
6962,13,1,2,1
6963,13,1,2,2
6964,13,1,2,1
6965,13,1,2,2
6966,13,1,2,1
6967,13,1,2,2
6968,13,1,2,1
6969,13,1,2,2
6970,13,1,2,1
6971,13,1,2,2
6972,13,1,2,1
6973,13,1,2,2
6974,13,1,2,1
6975,13,1,2,2
6976,13,1,2,1
6977,13,1,2,2
6978,13,2,2,1
6979,13,2,2,2
6980,13,2,2,1
6981,13,2,2,2
6982,13,2,2,1
6983,13,2,2,2
6984,13,2,2,1
6985,13,2,2,2
6986,13,2,2,1
6987,13,2,2,2
6988,13,2,2,1
6989,13,2,2,2
6990,13,2,2,1
6991,13,2,2,2
6992,13,2,2,1
6993,13,2,2,2
6994,13,2,2,1
6995,13,2,2,2
6996,13,2,2,1
6997,13,2,2,2
6998,13,2,2,1
6999,13,2,2,2
7000,13,2,2,1
7001,13,2,2,2
7002,13,2,2,1
7003,13,2,2,2
7004,13,2,2,1
7005,13,2,2,2
7006,13,2,2,1
7007,13,2,2,2
7008,13,2,2,1
7009,13,2,2,2
7010,13,2,2,1
7011,13,2,2,2
7012,13,2,2,1
7013,13,2,2,2
7014,13,2,2,1
7015,13,2,2,2
7016,13,2,2,1
7017,13,2,2,2
7018,13,2,2,1
7019,13,2,2,2
7020,13,2,2,1
7021,13,2,2,2
7022,13,2,2,1
7023,13,2,2,2
7024,13,2,2,1
7025,13,2,2,2
7026,13,2,2,1
7027,13,2,2,2
7028,13,2,2,1
7029,13,2,2,2
7030,13,2,2,1
7031,13,2,2,2
7032,13,2,2,1
7033,13,2,2,2
7034,13,2,2,1
7035,13,2,2,2
7036,13,2,2,1
7037,13,2,2,2
7038,13,2,2,1
7039,13,2,2,2
7040,13,2,2,1
7041,13,2,2,2
7042,13,2,2,1
7043,13,2,2,2
7044,13,2,2,1
7045,13,2,2,2
7046,13,2,2,1
7047,13,2,2,2
7048,13,2,2,1
7049,13,2,2,2
7050,13,2,2,1
7051,13,2,2,2
7052,13,2,2,1
7053,13,2,2,2
7054,13,2,2,1
7055,13,2,2,2
7056,13,2,2,1
7057,13,2,2,2
7058,13,2,2,1
7059,13,2,2,2
7060,13,2,2,1
7061,13,2,2,2
7062,13,2,2,1
7063,13,2,2,2
7064,13,2,2,1
7065,13,2,2,2
7066,13,2,2,1
7067,13,2,2,2
7068,13,2,2,1
7069,13,2,2,2
7070,13,2,2,1
7071,13,2,2,2
7072,13,2,2,1
7073,13,2,2,2
7074,13,2,2,1
7075,13,2,2,2
7076,13,2,2,1
7077,13,2,2,2
7078,13,2,2,1
7079,13,2,2,2
7080,13,2,2,1
7081,13,2,2,2
7082,13,2,2,1
7083,13,2,2,2
7084,13,2,2,1
7085,13,2,2,2
7086,13,2,2,1
7087,13,2,2,2
7088,13,2,2,1
7089,13,2,2,2
7090,13,2,2,1
7091,13,2,2,2
7092,13,2,2,1
7093,13,2,2,2
7094,13,2,2,1
7095,13,2,2,2
7096,13,2,2,1
7097,13,2,2,2
7098,13,2,2,1
7099,13,2,2,2
7100,13,2,2,1
7101,13,2,2,2
7102,13,2,2,1
7103,13,2,2,2
7104,13,2,2,1
7105,13,2,2,2
7106,13,2,2,1
7107,13,2,2,2
7108,13,2,2,1
7109,13,2,2,2
7110,13,2,2,1
7111,13,2,2,2
7112,14,1,1,1
7113,14,1,1,2
7114,14,1,1,1
7115,14,1,1,2
7116,14,1,1,1
7117,14,1,1,2
7118,14,1,1,1
7119,14,1,1,2
7120,14,1,1,1
7121,14,1,1,2
7122,14,1,1,1
7123,14,1,1,2
7124,14,1,1,1
7125,14,1,1,2
7126,14,1,1,1
7127,14,1,1,2
7128,14,1,1,1
7129,14,1,1,2
7130,14,1,1,1
7131,14,1,1,2
7132,14,1,1,1
7133,14,1,1,2
7134,14,1,1,1
7135,14,1,1,2
7136,14,1,1,1
7137,14,1,1,2
7138,14,1,1,1
7139,14,1,1,2
7140,14,1,1,1
7141,14,1,1,2
7142,14,1,1,1
7143,14,1,1,2
7144,14,1,1,1
7145,14,1,1,2
7146,14,1,1,1
7147,14,1,1,2
7148,14,1,1,1
7149,14,1,1,2
7150,14,1,1,1
7151,14,1,1,2
7152,14,1,1,1
7153,14,1,1,2
7154,14,1,1,1
7155,14,1,1,2
7156,14,1,1,1
7157,14,1,1,2
7158,14,1,1,1
7159,14,1,1,2
7160,14,1,1,1
7161,14,1,1,2
7162,14,1,1,1
7163,14,1,1,2
7164,14,1,1,1
7165,14,1,1,2
7166,14,1,1,1
7167,14,1,1,2
7168,14,1,1,1
7169,14,1,1,2
7170,14,1,1,1
7171,14,1,1,2
7172,14,1,1,1
7173,14,1,1,2
7174,14,1,1,1
7175,14,1,1,2
7176,14,1,1,1
7177,14,1,1,2
7178,14,1,1,1
7179,14,1,1,2
7180,14,1,1,1
7181,14,1,1,2
7182,14,1,1,1
7183,14,1,1,2
7184,14,1,1,1
7185,14,1,1,2
7186,14,1,1,1
7187,14,1,1,2
7188,14,1,1,1
7189,14,1,1,2
7190,14,1,1,1
7191,14,1,1,2
7192,14,1,1,1
7193,14,1,1,2
7194,14,1,1,1
7195,14,1,1,2
7196,14,1,1,1
7197,14,1,1,2
7198,14,1,1,1
7199,14,1,1,2
7200,14,1,1,1
7201,14,1,1,2
7202,14,1,1,1
7203,14,1,1,2
7204,14,1,1,1
7205,14,1,1,2
7206,14,1,1,1
7207,14,1,1,2
7208,14,1,1,1
7209,14,1,1,2
7210,14,1,1,1
7211,14,1,1,2
7212,14,1,1,1
7213,14,1,1,2
7214,14,1,1,1
7215,14,1,1,2
7216,14,1,1,1
7217,14,1,1,2
7218,14,1,1,1
7219,14,1,1,2
7220,14,1,1,1
7221,14,1,1,2
7222,14,1,1,1
7223,14,1,1,2
7224,14,1,1,1
7225,14,1,1,2
7226,14,1,1,1
7227,14,1,1,2
7228,14,1,1,1
7229,14,1,1,2
7230,14,1,1,1
7231,14,1,1,2
7232,14,1,1,1
7233,14,1,1,2
7234,14,1,1,1
7235,14,1,1,2
7236,14,1,1,1
7237,14,1,1,2
7238,14,2,1,1
7239,14,2,1,2
7240,14,2,1,1
7241,14,2,1,2
7242,14,2,1,1
7243,14,2,1,2
7244,14,2,1,1
7245,14,2,1,2
7246,14,2,1,1
7247,14,2,1,2
7248,14,2,1,1
7249,14,2,1,2
7250,14,2,1,1
7251,14,2,1,2
7252,14,2,1,1
7253,14,2,1,2
7254,14,2,1,1
7255,14,2,1,2
7256,14,2,1,1
7257,14,2,1,2
7258,14,2,1,1
7259,14,2,1,2
7260,14,2,1,1
7261,14,2,1,2
7262,14,2,1,1
7263,14,2,1,2
7264,14,2,1,1
7265,14,2,1,2
7266,14,2,1,1
7267,14,2,1,2
7268,14,2,1,1
7269,14,2,1,2
7270,14,2,1,1
7271,14,2,1,2
7272,14,2,1,1
7273,14,2,1,2
7274,14,2,1,1
7275,14,2,1,2
7276,14,2,1,1
7277,14,2,1,2
7278,14,2,1,1
7279,14,2,1,2
7280,14,2,1,1
7281,14,2,1,2
7282,14,2,1,1
7283,14,2,1,2
7284,14,2,1,1
7285,14,2,1,2
7286,14,2,1,1
7287,14,2,1,2
7288,14,2,1,1
7289,14,2,1,2
7290,14,2,1,1
7291,14,2,1,2
7292,14,2,1,1
7293,14,2,1,2
7294,14,2,1,1
7295,14,2,1,2
7296,14,2,1,1
7297,14,2,1,2
7298,14,2,1,1
7299,14,2,1,2
7300,14,2,1,1
7301,14,2,1,2
7302,14,2,1,1
7303,14,2,1,2
7304,14,2,1,1
7305,14,2,1,2
7306,14,2,1,1
7307,14,2,1,2
7308,14,2,1,1
7309,14,2,1,2
7310,14,2,1,1
7311,14,2,1,2
7312,14,2,1,1
7313,14,2,1,2
7314,14,2,1,1
7315,14,2,1,2
7316,14,2,1,1
7317,14,2,1,2
7318,14,2,1,1
7319,14,2,1,2
7320,14,2,1,1
7321,14,2,1,2
7322,14,2,1,1
7323,14,2,1,2
7324,14,2,1,1
7325,14,2,1,2
7326,14,2,1,1
7327,14,2,1,2
7328,14,2,1,1
7329,14,2,1,2
7330,14,2,1,1
7331,14,2,1,2
7332,14,2,1,1
7333,14,2,1,2
7334,14,2,1,1
7335,14,2,1,2
7336,14,2,1,1
7337,14,2,1,2
7338,14,2,1,1
7339,14,2,1,2
7340,14,2,1,1
7341,14,2,1,2
7342,14,2,1,1
7343,14,2,1,2
7344,14,2,1,1
7345,14,2,1,2
7346,14,2,1,1
7347,14,2,1,2
7348,14,2,1,1
7349,14,2,1,2
7350,14,2,1,1
7351,14,2,1,2
7352,14,2,1,1
7353,14,2,1,2
7354,14,2,1,1
7355,14,2,1,2
7356,14,2,1,1
7357,14,2,1,2
7358,14,2,1,1
7359,14,2,1,2
7360,14,2,1,1
7361,14,2,1,2
7362,14,2,1,1
7363,14,2,1,2
7364,14,2,1,1
7365,14,2,1,2
7366,14,2,1,1
7367,14,2,1,2
7368,14,2,1,1
7369,14,2,1,2
7370,14,2,1,1
7371,14,2,1,2
7372,14,2,1,1
7373,14,2,1,2
7374,14,2,1,1
7375,14,2,1,2
7376,14,1,2,1
7377,14,1,2,2
7378,14,1,2,1
7379,14,1,2,2
7380,14,1,2,1
7381,14,1,2,2
7382,14,1,2,1
7383,14,1,2,2
7384,14,1,2,1
7385,14,1,2,2
7386,14,1,2,1
7387,14,1,2,2
7388,14,1,2,1
7389,14,1,2,2
7390,14,1,2,1
7391,14,1,2,2
7392,14,1,2,1
7393,14,1,2,2
7394,14,1,2,1
7395,14,1,2,2
7396,14,1,2,1
7397,14,1,2,2
7398,14,1,2,1
7399,14,1,2,2
7400,14,1,2,1
7401,14,1,2,2
7402,14,1,2,1
7403,14,1,2,2
7404,14,1,2,1
7405,14,1,2,2
7406,14,1,2,1
7407,14,1,2,2
7408,14,1,2,1
7409,14,1,2,2
7410,14,1,2,1
7411,14,1,2,2
7412,14,1,2,1
7413,14,1,2,2
7414,14,1,2,1
7415,14,1,2,2
7416,14,1,2,1
7417,14,1,2,2
7418,14,1,2,1
7419,14,1,2,2
7420,14,1,2,1
7421,14,1,2,2
7422,14,1,2,1
7423,14,1,2,2
7424,14,1,2,1
7425,14,1,2,2
7426,14,1,2,1
7427,14,1,2,2
7428,14,1,2,1
7429,14,1,2,2
7430,14,1,2,1
7431,14,1,2,2
7432,14,1,2,1
7433,14,1,2,2
7434,14,1,2,1
7435,14,1,2,2
7436,14,1,2,1
7437,14,1,2,2
7438,14,1,2,1
7439,14,1,2,2
7440,14,1,2,1
7441,14,1,2,2
7442,14,1,2,1
7443,14,1,2,2
7444,14,1,2,1
7445,14,1,2,2
7446,14,1,2,1
7447,14,1,2,2
7448,14,1,2,1
7449,14,1,2,2
7450,14,1,2,1
7451,14,1,2,2
7452,14,1,2,1
7453,14,1,2,2
7454,14,1,2,1
7455,14,1,2,2
7456,14,1,2,1
7457,14,1,2,2
7458,14,1,2,1
7459,14,1,2,2
7460,14,1,2,1
7461,14,1,2,2
7462,14,1,2,1
7463,14,1,2,2
7464,14,1,2,1
7465,14,1,2,2
7466,14,1,2,1
7467,14,1,2,2
7468,14,1,2,1
7469,14,1,2,2
7470,14,1,2,1
7471,14,1,2,2
7472,14,1,2,1
7473,14,1,2,2
7474,14,1,2,1
7475,14,1,2,2
7476,14,1,2,1
7477,14,1,2,2
7478,14,1,2,1
7479,14,1,2,2
7480,14,1,2,1
7481,14,1,2,2
7482,14,1,2,1
7483,14,1,2,2
7484,14,1,2,1
7485,14,1,2,2
7486,14,1,2,1
7487,14,1,2,2
7488,14,1,2,1
7489,14,1,2,2
7490,14,1,2,1
7491,14,1,2,2
7492,14,1,2,1
7493,14,1,2,2
7494,14,1,2,1
7495,14,1,2,2
7496,14,1,2,1
7497,14,1,2,2
7498,14,1,2,1
7499,14,1,2,2
7500,14,1,2,1
7501,14,1,2,2
7502,14,2,2,1
7503,14,2,2,2
7504,14,2,2,1
7505,14,2,2,2
7506,14,2,2,1
7507,14,2,2,2
7508,14,2,2,1
7509,14,2,2,2
7510,14,2,2,1
7511,14,2,2,2
7512,14,2,2,1
7513,14,2,2,2
7514,14,2,2,1
7515,14,2,2,2
7516,14,2,2,1
7517,14,2,2,2
7518,14,2,2,1
7519,14,2,2,2
7520,14,2,2,1
7521,14,2,2,2
7522,14,2,2,1
7523,14,2,2,2
7524,14,2,2,1
7525,14,2,2,2
7526,14,2,2,1
7527,14,2,2,2
7528,14,2,2,1
7529,14,2,2,2
7530,14,2,2,1
7531,14,2,2,2
7532,14,2,2,1
7533,14,2,2,2
7534,14,2,2,1
7535,14,2,2,2
7536,14,2,2,1
7537,14,2,2,2
7538,14,2,2,1
7539,14,2,2,2
7540,14,2,2,1
7541,14,2,2,2
7542,14,2,2,1
7543,14,2,2,2
7544,14,2,2,1
7545,14,2,2,2
7546,14,2,2,1
7547,14,2,2,2
7548,14,2,2,1
7549,14,2,2,2
7550,14,2,2,1
7551,14,2,2,2
7552,14,2,2,1
7553,14,2,2,2
7554,14,2,2,1
7555,14,2,2,2
7556,14,2,2,1
7557,14,2,2,2
7558,14,2,2,1
7559,14,2,2,2
7560,14,2,2,1
7561,14,2,2,2
7562,14,2,2,1
7563,14,2,2,2
7564,14,2,2,1
7565,14,2,2,2
7566,14,2,2,1
7567,14,2,2,2
7568,14,2,2,1
7569,14,2,2,2
7570,14,2,2,1
7571,14,2,2,2
7572,14,2,2,1
7573,14,2,2,2
7574,14,2,2,1
7575,14,2,2,2
7576,14,2,2,1
7577,14,2,2,2
7578,14,2,2,1
7579,14,2,2,2
7580,14,2,2,1
7581,14,2,2,2
7582,14,2,2,1
7583,14,2,2,2
7584,14,2,2,1
7585,14,2,2,2
7586,14,2,2,1
7587,14,2,2,2
7588,14,2,2,1
7589,14,2,2,2
7590,14,2,2,1
7591,14,2,2,2
7592,14,2,2,1
7593,14,2,2,2
7594,14,2,2,1
7595,14,2,2,2
7596,14,2,2,1
7597,14,2,2,2
7598,14,2,2,1
7599,14,2,2,2
7600,14,2,2,1
7601,14,2,2,2
7602,14,2,2,1
7603,14,2,2,2
7604,14,2,2,1
7605,14,2,2,2
7606,14,2,2,1
7607,14,2,2,2
7608,14,2,2,1
7609,14,2,2,2
7610,14,2,2,1
7611,14,2,2,2
7612,14,2,2,1
7613,14,2,2,2
7614,14,2,2,1
7615,14,2,2,2
7616,14,2,2,1
7617,14,2,2,2
7618,14,2,2,1
7619,14,2,2,2
7620,14,2,2,1
7621,14,2,2,2
7622,14,2,2,1
7623,14,2,2,2
7624,14,2,2,1
7625,14,2,2,2
7626,14,2,2,1
7627,14,2,2,2
7628,14,2,2,1
7629,14,2,2,2
7630,14,2,2,1
7631,14,2,2,2
7632,14,2,2,1
7633,14,2,2,2
7634,14,2,2,1
7635,14,2,2,2
7636,14,2,2,1
7637,14,2,2,2
7638,14,2,2,1
7639,14,2,2,2
7640,15,1,1,1
7641,15,1,1,2
7642,15,1,1,1
7643,15,1,1,2
7644,15,1,1,1
7645,15,1,1,2
7646,15,1,1,1
7647,15,1,1,2
7648,15,1,1,1
7649,15,1,1,2
7650,15,1,1,1
7651,15,1,1,2
7652,15,1,1,1
7653,15,1,1,2
7654,15,1,1,1
7655,15,1,1,2
7656,15,1,1,1
7657,15,1,1,2
7658,15,1,1,1
7659,15,1,1,2
7660,15,1,1,1
7661,15,1,1,2
7662,15,1,1,1
7663,15,1,1,2
7664,15,1,1,1
7665,15,1,1,2
7666,15,1,1,1
7667,15,1,1,2
7668,15,1,1,1
7669,15,1,1,2
7670,15,1,1,1
7671,15,1,1,2
7672,15,1,1,1
7673,15,1,1,2
7674,15,1,1,1
7675,15,1,1,2
7676,15,1,1,1
7677,15,1,1,2
7678,15,1,1,1
7679,15,1,1,2
7680,15,1,1,1
7681,15,1,1,2
7682,15,1,1,1
7683,15,1,1,2
7684,15,1,1,1
7685,15,1,1,2
7686,15,1,1,1
7687,15,1,1,2
7688,15,1,1,1
7689,15,1,1,2
7690,15,1,1,1
7691,15,1,1,2
7692,15,1,1,1
7693,15,1,1,2
7694,15,1,1,1
7695,15,1,1,2
7696,15,1,1,1
7697,15,1,1,2
7698,15,1,1,1
7699,15,1,1,2
7700,15,1,1,1
7701,15,1,1,2
7702,15,1,1,1
7703,15,1,1,2
7704,15,1,1,1
7705,15,1,1,2
7706,15,1,1,1
7707,15,1,1,2
7708,15,1,1,1
7709,15,1,1,2
7710,15,1,1,1
7711,15,1,1,2
7712,15,1,1,1
7713,15,1,1,2
7714,15,1,1,1
7715,15,1,1,2
7716,15,1,1,1
7717,15,1,1,2
7718,15,1,1,1
7719,15,1,1,2
7720,15,1,1,1
7721,15,1,1,2
7722,15,1,1,1
7723,15,1,1,2
7724,15,1,1,1
7725,15,1,1,2
7726,15,1,1,1
7727,15,1,1,2
7728,15,1,1,1
7729,15,1,1,2
7730,15,1,1,1
7731,15,1,1,2
7732,15,1,1,1
7733,15,1,1,2
7734,15,1,1,1
7735,15,1,1,2
7736,15,1,1,1
7737,15,1,1,2
7738,15,1,1,1
7739,15,1,1,2
7740,15,1,1,1
7741,15,1,1,2
7742,15,1,1,1
7743,15,1,1,2
7744,15,1,1,1
7745,15,1,1,2
7746,15,1,1,1
7747,15,1,1,2
7748,15,1,1,1
7749,15,1,1,2
7750,15,1,1,1
7751,15,1,1,2
7752,15,1,1,1
7753,15,1,1,2
7754,15,1,1,1
7755,15,1,1,2
7756,15,1,1,1
7757,15,1,1,2
7758,15,1,1,1
7759,15,1,1,2
7760,15,1,1,1
7761,15,1,1,2
7762,15,1,1,1
7763,15,1,1,2
7764,15,1,1,1
7765,15,1,1,2
7766,15,1,1,1
7767,15,1,1,2
7768,15,1,1,1
7769,15,1,1,2
7770,15,1,1,1
7771,15,1,1,2
7772,15,1,1,1
7773,15,1,1,2
7774,15,1,1,1
7775,15,1,1,2
7776,15,1,1,1
7777,15,1,1,2
7778,15,1,1,1
7779,15,1,1,2
7780,15,1,1,1
7781,15,1,1,2
7782,15,1,1,1
7783,15,1,1,2
7784,15,2,1,1
7785,15,2,1,2
7786,15,2,1,1
7787,15,2,1,2
7788,15,2,1,1
7789,15,2,1,2
7790,15,2,1,1
7791,15,2,1,2
7792,15,2,1,1
7793,15,2,1,2
7794,15,2,1,1
7795,15,2,1,2
7796,15,2,1,1
7797,15,2,1,2
7798,15,2,1,1
7799,15,2,1,2
7800,15,2,1,1
7801,15,2,1,2
7802,15,2,1,1
7803,15,2,1,2
7804,15,2,1,1
7805,15,2,1,2
7806,15,2,1,1
7807,15,2,1,2
7808,15,2,1,1
7809,15,2,1,2
7810,15,2,1,1
7811,15,2,1,2
7812,15,2,1,1
7813,15,2,1,2
7814,15,2,1,1
7815,15,2,1,2
7816,15,2,1,1
7817,15,2,1,2
7818,15,2,1,1
7819,15,2,1,2
7820,15,2,1,1
7821,15,2,1,2
7822,15,2,1,1
7823,15,2,1,2
7824,15,2,1,1
7825,15,2,1,2
7826,15,2,1,1
7827,15,2,1,2
7828,15,2,1,1
7829,15,2,1,2
7830,15,2,1,1
7831,15,2,1,2
7832,15,2,1,1
7833,15,2,1,2
7834,15,2,1,1
7835,15,2,1,2
7836,15,2,1,1
7837,15,2,1,2
7838,15,2,1,1
7839,15,2,1,2
7840,15,2,1,1
7841,15,2,1,2
7842,15,2,1,1
7843,15,2,1,2
7844,15,2,1,1
7845,15,2,1,2
7846,15,2,1,1
7847,15,2,1,2
7848,15,2,1,1
7849,15,2,1,2
7850,15,2,1,1
7851,15,2,1,2
7852,15,2,1,1
7853,15,2,1,2
7854,15,2,1,1
7855,15,2,1,2
7856,15,2,1,1
7857,15,2,1,2
7858,15,2,1,1
7859,15,2,1,2
7860,15,2,1,1
7861,15,2,1,2
7862,15,2,1,1
7863,15,2,1,2
7864,15,2,1,1
7865,15,2,1,2
7866,15,2,1,1
7867,15,2,1,2
7868,15,2,1,1
7869,15,2,1,2
7870,15,2,1,1
7871,15,2,1,2
7872,15,2,1,1
7873,15,2,1,2
7874,15,2,1,1
7875,15,2,1,2
7876,15,2,1,1
7877,15,2,1,2
7878,15,2,1,1
7879,15,2,1,2
7880,15,2,1,1
7881,15,2,1,2
7882,15,2,1,1
7883,15,2,1,2
7884,15,2,1,1
7885,15,2,1,2
7886,15,2,1,1
7887,15,2,1,2
7888,15,2,1,1
7889,15,2,1,2
7890,15,2,1,1
7891,15,2,1,2
7892,15,2,1,1
7893,15,2,1,2
7894,15,2,1,1
7895,15,2,1,2
7896,15,2,1,1
7897,15,2,1,2
7898,15,2,1,1
7899,15,2,1,2
7900,15,2,1,1
7901,15,2,1,2
7902,15,2,1,1
7903,15,2,1,2
7904,15,2,1,1
7905,15,2,1,2
7906,15,2,1,1
7907,15,2,1,2
7908,15,2,1,1
7909,15,2,1,2
7910,15,2,1,1
7911,15,2,1,2
7912,15,2,1,1
7913,15,2,1,2
7914,15,2,1,1
7915,15,2,1,2
7916,15,2,1,1
7917,15,2,1,2
7918,15,2,1,1
7919,15,2,1,2
7920,15,2,1,1
7921,15,2,1,2
7922,15,2,1,1
7923,15,2,1,2
7924,15,2,1,1
7925,15,2,1,2
7926,15,2,1,1
7927,15,2,1,2
7928,15,1,2,1
7929,15,1,2,2
7930,15,1,2,1
7931,15,1,2,2
7932,15,1,2,1
7933,15,1,2,2
7934,15,1,2,1
7935,15,1,2,2
7936,15,1,2,1
7937,15,1,2,2
7938,15,1,2,1
7939,15,1,2,2
7940,15,1,2,1
7941,15,1,2,2
7942,15,1,2,1
7943,15,1,2,2
7944,15,1,2,1
7945,15,1,2,2
7946,15,1,2,1
7947,15,1,2,2
7948,15,1,2,1
7949,15,1,2,2
7950,15,1,2,1
7951,15,1,2,2
7952,15,1,2,1
7953,15,1,2,2
7954,15,1,2,1
7955,15,1,2,2
7956,15,1,2,1
7957,15,1,2,2
7958,15,1,2,1
7959,15,1,2,2
7960,15,1,2,1
7961,15,1,2,2
7962,15,1,2,1
7963,15,1,2,2
7964,15,1,2,1
7965,15,1,2,2
7966,15,1,2,1
7967,15,1,2,2
7968,15,1,2,1
7969,15,1,2,2
7970,15,1,2,1
7971,15,1,2,2
7972,15,1,2,1
7973,15,1,2,2
7974,15,1,2,1
7975,15,1,2,2
7976,15,1,2,1
7977,15,1,2,2
7978,15,1,2,1
7979,15,1,2,2
7980,15,1,2,1
7981,15,1,2,2
7982,15,1,2,1
7983,15,1,2,2
7984,15,1,2,1
7985,15,1,2,2
7986,15,1,2,1
7987,15,1,2,2
7988,15,1,2,1
7989,15,1,2,2
7990,15,1,2,1
7991,15,1,2,2
7992,15,1,2,1
7993,15,1,2,2
7994,15,1,2,1
7995,15,1,2,2
7996,15,1,2,1
7997,15,1,2,2
7998,15,1,2,1
7999,15,1,2,2
8000,15,1,2,1
8001,15,1,2,2
8002,15,1,2,1
8003,15,1,2,2
8004,15,1,2,1
8005,15,1,2,2
8006,15,1,2,1
8007,15,1,2,2
8008,15,1,2,1
8009,15,1,2,2
8010,15,1,2,1
8011,15,1,2,2
8012,15,1,2,1
8013,15,1,2,2
8014,15,1,2,1
8015,15,1,2,2
8016,15,1,2,1
8017,15,1,2,2
8018,15,1,2,1
8019,15,1,2,2
8020,15,1,2,1
8021,15,1,2,2
8022,15,1,2,1
8023,15,1,2,2
8024,15,1,2,1
8025,15,1,2,2
8026,15,1,2,1
8027,15,1,2,2
8028,15,1,2,1
8029,15,1,2,2
8030,15,1,2,1
8031,15,1,2,2
8032,15,1,2,1
8033,15,1,2,2
8034,15,1,2,1
8035,15,1,2,2
8036,15,1,2,1
8037,15,1,2,2
8038,15,1,2,1
8039,15,1,2,2
8040,15,1,2,1
8041,15,1,2,2
8042,15,1,2,1
8043,15,1,2,2
8044,15,1,2,1
8045,15,1,2,2
8046,15,1,2,1
8047,15,1,2,2
8048,15,1,2,1
8049,15,1,2,2
8050,15,1,2,1
8051,15,1,2,2
8052,15,1,2,1
8053,15,1,2,2
8054,15,1,2,1
8055,15,1,2,2
8056,15,1,2,1
8057,15,1,2,2
8058,15,1,2,1
8059,15,1,2,2
8060,15,1,2,1
8061,15,1,2,2
8062,15,1,2,1
8063,15,1,2,2
8064,15,1,2,1
8065,15,1,2,2
8066,15,1,2,1
8067,15,1,2,2
8068,15,1,2,1
8069,15,1,2,2
8070,15,1,2,1
8071,15,1,2,2
8072,15,2,2,1
8073,15,2,2,2
8074,15,2,2,1
8075,15,2,2,2
8076,15,2,2,1
8077,15,2,2,2
8078,15,2,2,1
8079,15,2,2,2
8080,15,2,2,1
8081,15,2,2,2
8082,15,2,2,1
8083,15,2,2,2
8084,15,2,2,1
8085,15,2,2,2
8086,15,2,2,1
8087,15,2,2,2
8088,15,2,2,1
8089,15,2,2,2
8090,15,2,2,1
8091,15,2,2,2
8092,15,2,2,1
8093,15,2,2,2
8094,15,2,2,1
8095,15,2,2,2
8096,15,2,2,1
8097,15,2,2,2
8098,15,2,2,1
8099,15,2,2,2
8100,15,2,2,1
8101,15,2,2,2
8102,15,2,2,1
8103,15,2,2,2
8104,15,2,2,1
8105,15,2,2,2
8106,15,2,2,1
8107,15,2,2,2
8108,15,2,2,1
8109,15,2,2,2
8110,15,2,2,1
8111,15,2,2,2
8112,15,2,2,1
8113,15,2,2,2
8114,15,2,2,1
8115,15,2,2,2
8116,15,2,2,1
8117,15,2,2,2
8118,15,2,2,1
8119,15,2,2,2
8120,15,2,2,1
8121,15,2,2,2
8122,15,2,2,1
8123,15,2,2,2
8124,15,2,2,1
8125,15,2,2,2
8126,15,2,2,1
8127,15,2,2,2
8128,15,2,2,1
8129,15,2,2,2
8130,15,2,2,1
8131,15,2,2,2
8132,15,2,2,1
8133,15,2,2,2
8134,15,2,2,1
8135,15,2,2,2
8136,15,2,2,1
8137,15,2,2,2
8138,15,2,2,1
8139,15,2,2,2
8140,15,2,2,1
8141,15,2,2,2
8142,15,2,2,1
8143,15,2,2,2
8144,15,2,2,1
8145,15,2,2,2
8146,15,2,2,1
8147,15,2,2,2
8148,15,2,2,1
8149,15,2,2,2
8150,15,2,2,1
8151,15,2,2,2
8152,15,2,2,1
8153,15,2,2,2
8154,15,2,2,1
8155,15,2,2,2
8156,15,2,2,1
8157,15,2,2,2
8158,15,2,2,1
8159,15,2,2,2
8160,15,2,2,1
8161,15,2,2,2
8162,15,2,2,1
8163,15,2,2,2
8164,15,2,2,1
8165,15,2,2,2
8166,15,2,2,1
8167,15,2,2,2
8168,15,2,2,1
8169,15,2,2,2
8170,15,2,2,1
8171,15,2,2,2
8172,15,2,2,1
8173,15,2,2,2
8174,15,2,2,1
8175,15,2,2,2
8176,15,2,2,1
8177,15,2,2,2
8178,15,2,2,1
8179,15,2,2,2
8180,15,2,2,1
8181,15,2,2,2
8182,15,2,2,1
8183,15,2,2,2
8184,15,2,2,1
8185,15,2,2,2
8186,15,2,2,1
8187,15,2,2,2
8188,15,2,2,1
8189,15,2,2,2
8190,15,2,2,1
8191,15,2,2,2
8192,15,2,2,1
8193,15,2,2,2
8194,15,2,2,1
8195,15,2,2,2
8196,15,2,2,1
8197,15,2,2,2
8198,15,2,2,1
8199,15,2,2,2
8200,15,2,2,1
8201,15,2,2,2
8202,15,2,2,1
8203,15,2,2,2
8204,15,2,2,1
8205,15,2,2,2
8206,15,2,2,1
8207,15,2,2,2
8208,15,2,2,1
8209,15,2,2,2
8210,15,2,2,1
8211,15,2,2,2
8212,15,2,2,1
8213,15,2,2,2
8214,15,2,2,1
8215,15,2,2,2
8216,16,1,1,1
8217,16,1,1,2
8218,16,1,1,1
8219,16,1,1,2
8220,16,1,1,1
8221,16,1,1,2
8222,16,1,1,1
8223,16,1,1,2
8224,16,1,1,1
8225,16,1,1,2
8226,16,1,1,1
8227,16,1,1,2
8228,16,1,1,1
8229,16,1,1,2
8230,16,1,1,1
8231,16,1,1,2
8232,16,1,1,1
8233,16,1,1,2
8234,16,1,1,1
8235,16,1,1,2
8236,16,1,1,1
8237,16,1,1,2
8238,16,1,1,1
8239,16,1,1,2
8240,16,1,1,1
8241,16,1,1,2
8242,16,1,1,1
8243,16,1,1,2
8244,16,1,1,1
8245,16,1,1,2
8246,16,1,1,1
8247,16,1,1,2
8248,16,1,1,1
8249,16,1,1,2
8250,16,1,1,1
8251,16,1,1,2
8252,16,1,1,1
8253,16,1,1,2
8254,16,1,1,1
8255,16,1,1,2
8256,16,1,1,1
8257,16,1,1,2
8258,16,1,1,1
8259,16,1,1,2
8260,16,1,1,1
8261,16,1,1,2
8262,16,1,1,1
8263,16,1,1,2
8264,16,1,1,1
8265,16,1,1,2
8266,16,1,1,1
8267,16,1,1,2
8268,16,1,1,1
8269,16,1,1,2
8270,16,1,1,1
8271,16,1,1,2
8272,16,1,1,1
8273,16,1,1,2
8274,16,1,1,1
8275,16,1,1,2
8276,16,1,1,1
8277,16,1,1,2
8278,16,1,1,1
8279,16,1,1,2
8280,16,1,1,1
8281,16,1,1,2
8282,16,1,1,1
8283,16,1,1,2
8284,16,1,1,1
8285,16,1,1,2
8286,16,1,1,1
8287,16,1,1,2
8288,16,1,1,1
8289,16,1,1,2
8290,16,1,1,1
8291,16,1,1,2
8292,16,1,1,1
8293,16,1,1,2
8294,16,1,1,1
8295,16,1,1,2
8296,16,1,1,1
8297,16,1,1,2
8298,16,1,1,1
8299,16,1,1,2
8300,16,1,1,1
8301,16,1,1,2
8302,16,1,1,1
8303,16,1,1,2
8304,16,1,1,1
8305,16,1,1,2
8306,16,1,1,1
8307,16,1,1,2
8308,16,1,1,1
8309,16,1,1,2
8310,16,1,1,1
8311,16,1,1,2
8312,16,1,1,1
8313,16,1,1,2
8314,16,1,1,1
8315,16,1,1,2
8316,16,1,1,1
8317,16,1,1,2
8318,16,1,1,1
8319,16,1,1,2
8320,16,1,1,1
8321,16,1,1,2
8322,16,1,1,1
8323,16,1,1,2
8324,16,1,1,1
8325,16,1,1,2
8326,16,1,1,1
8327,16,1,1,2
8328,16,1,1,1
8329,16,1,1,2
8330,16,1,1,1
8331,16,1,1,2
8332,16,1,1,1
8333,16,1,1,2
8334,16,1,1,1
8335,16,1,1,2
8336,16,1,1,1
8337,16,1,1,2
8338,16,1,1,1
8339,16,1,1,2
8340,16,1,1,1
8341,16,1,1,2
8342,16,1,1,1
8343,16,1,1,2
8344,16,1,1,1
8345,16,1,1,2
8346,16,1,1,1
8347,16,1,1,2
8348,16,1,1,1
8349,16,1,1,2
8350,16,1,1,1
8351,16,1,1,2
8352,16,1,1,1
8353,16,1,1,2
8354,16,1,1,1
8355,16,1,1,2
8356,16,1,1,1
8357,16,1,1,2
8358,16,1,1,1
8359,16,1,1,2
8360,16,2,1,1
8361,16,2,1,2
8362,16,2,1,1
8363,16,2,1,2
8364,16,2,1,1
8365,16,2,1,2
8366,16,2,1,1
8367,16,2,1,2
8368,16,2,1,1
8369,16,2,1,2
8370,16,2,1,1
8371,16,2,1,2
8372,16,2,1,1
8373,16,2,1,2
8374,16,2,1,1
8375,16,2,1,2
8376,16,2,1,1
8377,16,2,1,2
8378,16,2,1,1
8379,16,2,1,2
8380,16,2,1,1
8381,16,2,1,2
8382,16,2,1,1
8383,16,2,1,2
8384,16,2,1,1
8385,16,2,1,2
8386,16,2,1,1
8387,16,2,1,2
8388,16,2,1,1
8389,16,2,1,2
8390,16,2,1,1
8391,16,2,1,2
8392,16,2,1,1
8393,16,2,1,2
8394,16,2,1,1
8395,16,2,1,2
8396,16,2,1,1
8397,16,2,1,2
8398,16,2,1,1
8399,16,2,1,2
8400,16,2,1,1
8401,16,2,1,2
8402,16,2,1,1
8403,16,2,1,2
8404,16,2,1,1
8405,16,2,1,2
8406,16,2,1,1
8407,16,2,1,2
8408,16,2,1,1
8409,16,2,1,2
8410,16,2,1,1
8411,16,2,1,2
8412,16,2,1,1
8413,16,2,1,2
8414,16,2,1,1
8415,16,2,1,2
8416,16,2,1,1
8417,16,2,1,2
8418,16,2,1,1
8419,16,2,1,2
8420,16,2,1,1
8421,16,2,1,2
8422,16,2,1,1
8423,16,2,1,2
8424,16,2,1,1
8425,16,2,1,2
8426,16,2,1,1
8427,16,2,1,2
8428,16,2,1,1
8429,16,2,1,2
8430,16,2,1,1
8431,16,2,1,2
8432,16,2,1,1
8433,16,2,1,2
8434,16,2,1,1
8435,16,2,1,2
8436,16,2,1,1
8437,16,2,1,2
8438,16,2,1,1
8439,16,2,1,2
8440,16,2,1,1
8441,16,2,1,2
8442,16,2,1,1
8443,16,2,1,2
8444,16,2,1,1
8445,16,2,1,2
8446,16,2,1,1
8447,16,2,1,2
8448,16,2,1,1
8449,16,2,1,2
8450,16,2,1,1
8451,16,2,1,2
8452,16,2,1,1
8453,16,2,1,2
8454,16,2,1,1
8455,16,2,1,2
8456,16,2,1,1
8457,16,2,1,2
8458,16,2,1,1
8459,16,2,1,2
8460,16,2,1,1
8461,16,2,1,2
8462,16,2,1,1
8463,16,2,1,2
8464,16,2,1,1
8465,16,2,1,2
8466,16,2,1,1
8467,16,2,1,2
8468,16,2,1,1
8469,16,2,1,2
8470,16,2,1,1
8471,16,2,1,2
8472,16,2,1,1
8473,16,2,1,2
8474,16,2,1,1
8475,16,2,1,2
8476,16,2,1,1
8477,16,2,1,2
8478,16,2,1,1
8479,16,2,1,2
8480,16,2,1,1
8481,16,2,1,2
8482,16,2,1,1
8483,16,2,1,2
8484,16,2,1,1
8485,16,2,1,2
8486,16,2,1,1
8487,16,2,1,2
8488,16,2,1,1
8489,16,2,1,2
8490,16,2,1,1
8491,16,2,1,2
8492,16,2,1,1
8493,16,2,1,2
8494,16,2,1,1
8495,16,2,1,2
8496,16,2,1,1
8497,16,2,1,2
8498,16,2,1,1
8499,16,2,1,2
8500,16,2,1,1
8501,16,2,1,2
8502,16,2,1,1
8503,16,2,1,2
8504,16,1,2,1
8505,16,1,2,2
8506,16,1,2,1
8507,16,1,2,2
8508,16,1,2,1
8509,16,1,2,2
8510,16,1,2,1
8511,16,1,2,2
8512,16,1,2,1
8513,16,1,2,2
8514,16,1,2,1
8515,16,1,2,2
8516,16,1,2,1
8517,16,1,2,2
8518,16,1,2,1
8519,16,1,2,2
8520,16,1,2,1
8521,16,1,2,2
8522,16,1,2,1
8523,16,1,2,2
8524,16,1,2,1
8525,16,1,2,2
8526,16,1,2,1
8527,16,1,2,2
8528,16,1,2,1
8529,16,1,2,2
8530,16,1,2,1
8531,16,1,2,2
8532,16,1,2,1
8533,16,1,2,2
8534,16,1,2,1
8535,16,1,2,2
8536,16,1,2,1
8537,16,1,2,2
8538,16,1,2,1
8539,16,1,2,2
8540,16,1,2,1
8541,16,1,2,2
8542,16,1,2,1
8543,16,1,2,2
8544,16,1,2,1
8545,16,1,2,2
8546,16,1,2,1
8547,16,1,2,2
8548,16,1,2,1
8549,16,1,2,2
8550,16,1,2,1
8551,16,1,2,2
8552,16,1,2,1
8553,16,1,2,2
8554,16,1,2,1
8555,16,1,2,2
8556,16,1,2,1
8557,16,1,2,2
8558,16,1,2,1
8559,16,1,2,2
8560,16,1,2,1
8561,16,1,2,2
8562,16,1,2,1
8563,16,1,2,2
8564,16,1,2,1
8565,16,1,2,2
8566,16,1,2,1
8567,16,1,2,2
8568,16,1,2,1
8569,16,1,2,2
8570,16,1,2,1
8571,16,1,2,2
8572,16,1,2,1
8573,16,1,2,2
8574,16,1,2,1
8575,16,1,2,2
8576,16,1,2,1
8577,16,1,2,2
8578,16,1,2,1
8579,16,1,2,2
8580,16,1,2,1
8581,16,1,2,2
8582,16,1,2,1
8583,16,1,2,2
8584,16,1,2,1
8585,16,1,2,2
8586,16,1,2,1
8587,16,1,2,2
8588,16,1,2,1
8589,16,1,2,2
8590,16,1,2,1
8591,16,1,2,2
8592,16,1,2,1
8593,16,1,2,2
8594,16,1,2,1
8595,16,1,2,2
8596,16,1,2,1
8597,16,1,2,2
8598,16,1,2,1
8599,16,1,2,2
8600,16,1,2,1
8601,16,1,2,2
8602,16,1,2,1
8603,16,1,2,2
8604,16,1,2,1
8605,16,1,2,2
8606,16,1,2,1
8607,16,1,2,2
8608,16,1,2,1
8609,16,1,2,2
8610,16,1,2,1
8611,16,1,2,2
8612,16,1,2,1
8613,16,1,2,2
8614,16,1,2,1
8615,16,1,2,2
8616,16,1,2,1
8617,16,1,2,2
8618,16,1,2,1
8619,16,1,2,2
8620,16,1,2,1
8621,16,1,2,2
8622,16,1,2,1
8623,16,1,2,2
8624,16,1,2,1
8625,16,1,2,2
8626,16,1,2,1
8627,16,1,2,2
8628,16,1,2,1
8629,16,1,2,2
8630,16,1,2,1
8631,16,1,2,2
8632,16,1,2,1
8633,16,1,2,2
8634,16,1,2,1
8635,16,1,2,2
8636,16,1,2,1
8637,16,1,2,2
8638,16,1,2,1
8639,16,1,2,2
8640,16,1,2,1
8641,16,1,2,2
8642,16,1,2,1
8643,16,1,2,2
8644,16,1,2,1
8645,16,1,2,2
8646,16,1,2,1
8647,16,1,2,2
8648,16,2,2,1
8649,16,2,2,2
8650,16,2,2,1
8651,16,2,2,2
8652,16,2,2,1
8653,16,2,2,2
8654,16,2,2,1
8655,16,2,2,2
8656,16,2,2,1
8657,16,2,2,2
8658,16,2,2,1
8659,16,2,2,2
8660,16,2,2,1
8661,16,2,2,2
8662,16,2,2,1
8663,16,2,2,2
8664,16,2,2,1
8665,16,2,2,2
8666,16,2,2,1
8667,16,2,2,2
8668,16,2,2,1
8669,16,2,2,2
8670,16,2,2,1
8671,16,2,2,2
8672,16,2,2,1
8673,16,2,2,2
8674,16,2,2,1
8675,16,2,2,2
8676,16,2,2,1
8677,16,2,2,2
8678,16,2,2,1
8679,16,2,2,2
8680,16,2,2,1
8681,16,2,2,2
8682,16,2,2,1
8683,16,2,2,2
8684,16,2,2,1
8685,16,2,2,2
8686,16,2,2,1
8687,16,2,2,2
8688,16,2,2,1
8689,16,2,2,2
8690,16,2,2,1
8691,16,2,2,2
8692,16,2,2,1
8693,16,2,2,2
8694,16,2,2,1
8695,16,2,2,2
8696,16,2,2,1
8697,16,2,2,2
8698,16,2,2,1
8699,16,2,2,2
8700,16,2,2,1
8701,16,2,2,2
8702,16,2,2,1
8703,16,2,2,2
8704,16,2,2,1
8705,16,2,2,2
8706,16,2,2,1
8707,16,2,2,2
8708,16,2,2,1
8709,16,2,2,2
8710,16,2,2,1
8711,16,2,2,2
8712,16,2,2,1
8713,16,2,2,2
8714,16,2,2,1
8715,16,2,2,2
8716,16,2,2,1
8717,16,2,2,2
8718,16,2,2,1
8719,16,2,2,2
8720,16,2,2,1
8721,16,2,2,2
8722,16,2,2,1
8723,16,2,2,2
8724,16,2,2,1
8725,16,2,2,2
8726,16,2,2,1
8727,16,2,2,2
8728,16,2,2,1
8729,16,2,2,2
8730,16,2,2,1
8731,16,2,2,2
8732,16,2,2,1
8733,16,2,2,2
8734,16,2,2,1
8735,16,2,2,2
8736,16,2,2,1
8737,16,2,2,2
8738,16,2,2,1
8739,16,2,2,2
8740,16,2,2,1
8741,16,2,2,2
8742,16,2,2,1
8743,16,2,2,2
8744,16,2,2,1
8745,16,2,2,2
8746,16,2,2,1
8747,16,2,2,2
8748,16,2,2,1
8749,16,2,2,2
8750,16,2,2,1
8751,16,2,2,2
8752,16,2,2,1
8753,16,2,2,2
8754,16,2,2,1
8755,16,2,2,2
8756,16,2,2,1
8757,16,2,2,2
8758,16,2,2,1
8759,16,2,2,2
8760,16,2,2,1
8761,16,2,2,2
8762,16,2,2,1
8763,16,2,2,2
8764,16,2,2,1
8765,16,2,2,2
8766,16,2,2,1
8767,16,2,2,2
8768,16,2,2,1
8769,16,2,2,2
8770,16,2,2,1
8771,16,2,2,2
8772,16,2,2,1
8773,16,2,2,2
8774,16,2,2,1
8775,16,2,2,2
8776,16,2,2,1
8777,16,2,2,2
8778,16,2,2,1
8779,16,2,2,2
8780,16,2,2,1
8781,16,2,2,2
8782,16,2,2,1
8783,16,2,2,2
8784,16,2,2,1
8785,16,2,2,2
8786,16,2,2,1
8787,16,2,2,2
8788,16,2,2,1
8789,16,2,2,2
8790,16,2,2,1
8791,16,2,2,2
8792,17,1,1,1
8793,17,1,1,2
8794,17,1,1,1
8795,17,1,1,2
8796,17,1,1,1
8797,17,1,1,2
8798,17,1,1,1
8799,17,1,1,2
8800,17,1,1,1
8801,17,1,1,2
8802,17,1,1,1
8803,17,1,1,2
8804,17,1,1,1
8805,17,1,1,2
8806,17,1,1,1
8807,17,1,1,2
8808,17,1,1,1
8809,17,1,1,2
8810,17,1,1,1
8811,17,1,1,2
8812,17,1,1,1
8813,17,1,1,2
8814,17,1,1,1
8815,17,1,1,2
8816,17,1,1,1
8817,17,1,1,2
8818,17,1,1,1
8819,17,1,1,2
8820,17,1,1,1
8821,17,1,1,2
8822,17,1,1,1
8823,17,1,1,2
8824,17,1,1,1
8825,17,1,1,2
8826,17,1,1,1
8827,17,1,1,2
8828,17,1,1,1
8829,17,1,1,2
8830,17,1,1,1
8831,17,1,1,2
8832,17,1,1,1
8833,17,1,1,2
8834,17,1,1,1
8835,17,1,1,2
8836,17,1,1,1
8837,17,1,1,2
8838,17,1,1,1
8839,17,1,1,2
8840,17,1,1,1
8841,17,1,1,2
8842,17,1,1,1
8843,17,1,1,2
8844,17,1,1,1
8845,17,1,1,2
8846,17,1,1,1
8847,17,1,1,2
8848,17,1,1,1
8849,17,1,1,2
8850,17,1,1,1
8851,17,1,1,2
8852,17,1,1,1
8853,17,1,1,2
8854,17,1,1,1
8855,17,1,1,2
8856,17,1,1,1
8857,17,1,1,2
8858,17,1,1,1
8859,17,1,1,2
8860,17,1,1,1
8861,17,1,1,2
8862,17,1,1,1
8863,17,1,1,2
8864,17,1,1,1
8865,17,1,1,2
8866,17,1,1,1
8867,17,1,1,2
8868,17,1,1,1
8869,17,1,1,2
8870,17,1,1,1
8871,17,1,1,2
8872,17,1,1,1
8873,17,1,1,2
8874,17,1,1,1
8875,17,1,1,2
8876,17,1,1,1
8877,17,1,1,2
8878,17,1,1,1
8879,17,1,1,2
8880,17,1,1,1
8881,17,1,1,2
8882,17,1,1,1
8883,17,1,1,2
8884,17,1,1,1
8885,17,1,1,2
8886,17,1,1,1
8887,17,1,1,2
8888,17,1,1,1
8889,17,1,1,2
8890,17,1,1,1
8891,17,1,1,2
8892,17,1,1,1
8893,17,1,1,2
8894,17,1,1,1
8895,17,1,1,2
8896,17,1,1,1
8897,17,1,1,2
8898,17,1,1,1
8899,17,1,1,2
8900,17,1,1,1
8901,17,1,1,2
8902,17,1,1,1
8903,17,1,1,2
8904,17,1,1,1
8905,17,1,1,2
8906,17,1,1,1
8907,17,1,1,2
8908,17,1,1,1
8909,17,1,1,2
8910,17,2,1,1
8911,17,2,1,2
8912,17,2,1,1
8913,17,2,1,2
8914,17,2,1,1
8915,17,2,1,2
8916,17,2,1,1
8917,17,2,1,2
8918,17,2,1,1
8919,17,2,1,2
8920,17,2,1,1
8921,17,2,1,2
8922,17,2,1,1
8923,17,2,1,2
8924,17,2,1,1
8925,17,2,1,2
8926,17,2,1,1
8927,17,2,1,2
8928,17,2,1,1
8929,17,2,1,2
8930,17,2,1,1
8931,17,2,1,2
8932,17,2,1,1
8933,17,2,1,2
8934,17,2,1,1
8935,17,2,1,2
8936,17,2,1,1
8937,17,2,1,2
8938,17,2,1,1
8939,17,2,1,2
8940,17,2,1,1
8941,17,2,1,2
8942,17,2,1,1
8943,17,2,1,2
8944,17,2,1,1
8945,17,2,1,2
8946,17,2,1,1
8947,17,2,1,2
8948,17,2,1,1
8949,17,2,1,2
8950,17,2,1,1
8951,17,2,1,2
8952,17,2,1,1
8953,17,2,1,2
8954,17,2,1,1
8955,17,2,1,2
8956,17,2,1,1
8957,17,2,1,2
8958,17,2,1,1
8959,17,2,1,2
8960,17,2,1,1
8961,17,2,1,2
8962,17,2,1,1
8963,17,2,1,2
8964,17,2,1,1
8965,17,2,1,2
8966,17,2,1,1
8967,17,2,1,2
8968,17,2,1,1
8969,17,2,1,2
8970,17,2,1,1
8971,17,2,1,2
8972,17,2,1,1
8973,17,2,1,2
8974,17,2,1,1
8975,17,2,1,2
8976,17,2,1,1
8977,17,2,1,2
8978,17,2,1,1
8979,17,2,1,2
8980,17,2,1,1
8981,17,2,1,2
8982,17,2,1,1
8983,17,2,1,2
8984,17,2,1,1
8985,17,2,1,2
8986,17,2,1,1
8987,17,2,1,2
8988,17,2,1,1
8989,17,2,1,2
8990,17,2,1,1
8991,17,2,1,2
8992,17,2,1,1
8993,17,2,1,2
8994,17,2,1,1
8995,17,2,1,2
8996,17,2,1,1
8997,17,2,1,2
8998,17,2,1,1
8999,17,2,1,2
9000,17,2,1,1
9001,17,2,1,2
9002,17,2,1,1
9003,17,2,1,2
9004,17,2,1,1
9005,17,2,1,2
9006,17,2,1,1
9007,17,2,1,2
9008,17,2,1,1
9009,17,2,1,2
9010,17,2,1,1
9011,17,2,1,2
9012,17,2,1,1
9013,17,2,1,2
9014,17,2,1,1
9015,17,2,1,2
9016,17,2,1,1
9017,17,2,1,2
9018,17,2,1,1
9019,17,2,1,2
9020,17,2,1,1
9021,17,2,1,2
9022,17,2,1,1
9023,17,2,1,2
9024,17,1,2,1
9025,17,1,2,2
9026,17,1,2,1
9027,17,1,2,2
9028,17,1,2,1
9029,17,1,2,2
9030,17,1,2,1
9031,17,1,2,2
9032,17,1,2,1
9033,17,1,2,2
9034,17,1,2,1
9035,17,1,2,2
9036,17,1,2,1
9037,17,1,2,2
9038,17,1,2,1
9039,17,1,2,2
9040,17,1,2,1
9041,17,1,2,2
9042,17,1,2,1
9043,17,1,2,2
9044,17,1,2,1
9045,17,1,2,2
9046,17,1,2,1
9047,17,1,2,2
9048,17,1,2,1
9049,17,1,2,2
9050,17,1,2,1
9051,17,1,2,2
9052,17,1,2,1
9053,17,1,2,2
9054,17,1,2,1
9055,17,1,2,2
9056,17,1,2,1
9057,17,1,2,2
9058,17,1,2,1
9059,17,1,2,2
9060,17,1,2,1
9061,17,1,2,2
9062,17,1,2,1
9063,17,1,2,2
9064,17,1,2,1
9065,17,1,2,2
9066,17,1,2,1
9067,17,1,2,2
9068,17,1,2,1
9069,17,1,2,2
9070,17,1,2,1
9071,17,1,2,2
9072,17,1,2,1
9073,17,1,2,2
9074,17,1,2,1
9075,17,1,2,2
9076,17,1,2,1
9077,17,1,2,2
9078,17,1,2,1
9079,17,1,2,2
9080,17,1,2,1
9081,17,1,2,2
9082,17,1,2,1
9083,17,1,2,2
9084,17,1,2,1
9085,17,1,2,2
9086,17,1,2,1
9087,17,1,2,2
9088,17,1,2,1
9089,17,1,2,2
9090,17,1,2,1
9091,17,1,2,2
9092,17,1,2,1
9093,17,1,2,2
9094,17,1,2,1
9095,17,1,2,2
9096,17,1,2,1
9097,17,1,2,2
9098,17,1,2,1
9099,17,1,2,2
9100,17,1,2,1
9101,17,1,2,2
9102,17,1,2,1
9103,17,1,2,2
9104,17,1,2,1
9105,17,1,2,2
9106,17,1,2,1
9107,17,1,2,2
9108,17,1,2,1
9109,17,1,2,2
9110,17,1,2,1
9111,17,1,2,2
9112,17,1,2,1
9113,17,1,2,2
9114,17,1,2,1
9115,17,1,2,2
9116,17,1,2,1
9117,17,1,2,2
9118,17,1,2,1
9119,17,1,2,2
9120,17,1,2,1
9121,17,1,2,2
9122,17,1,2,1
9123,17,1,2,2
9124,17,1,2,1
9125,17,1,2,2
9126,17,1,2,1
9127,17,1,2,2
9128,17,1,2,1
9129,17,1,2,2
9130,17,1,2,1
9131,17,1,2,2
9132,17,1,2,1
9133,17,1,2,2
9134,17,1,2,1
9135,17,1,2,2
9136,17,1,2,1
9137,17,1,2,2
9138,17,1,2,1
9139,17,1,2,2
9140,17,1,2,1
9141,17,1,2,2
9142,17,2,2,1
9143,17,2,2,2
9144,17,2,2,1
9145,17,2,2,2
9146,17,2,2,1
9147,17,2,2,2
9148,17,2,2,1
9149,17,2,2,2
9150,17,2,2,1
9151,17,2,2,2
9152,17,2,2,1
9153,17,2,2,2
9154,17,2,2,1
9155,17,2,2,2
9156,17,2,2,1
9157,17,2,2,2
9158,17,2,2,1
9159,17,2,2,2
9160,17,2,2,1
9161,17,2,2,2
9162,17,2,2,1
9163,17,2,2,2
9164,17,2,2,1
9165,17,2,2,2
9166,17,2,2,1
9167,17,2,2,2
9168,17,2,2,1
9169,17,2,2,2
9170,17,2,2,1
9171,17,2,2,2
9172,17,2,2,1
9173,17,2,2,2
9174,17,2,2,1
9175,17,2,2,2
9176,17,2,2,1
9177,17,2,2,2
9178,17,2,2,1
9179,17,2,2,2
9180,17,2,2,1
9181,17,2,2,2
9182,17,2,2,1
9183,17,2,2,2
9184,17,2,2,1
9185,17,2,2,2
9186,17,2,2,1
9187,17,2,2,2
9188,17,2,2,1
9189,17,2,2,2
9190,17,2,2,1
9191,17,2,2,2
9192,17,2,2,1
9193,17,2,2,2
9194,17,2,2,1
9195,17,2,2,2
9196,17,2,2,1
9197,17,2,2,2
9198,17,2,2,1
9199,17,2,2,2
9200,17,2,2,1
9201,17,2,2,2
9202,17,2,2,1
9203,17,2,2,2
9204,17,2,2,1
9205,17,2,2,2
9206,17,2,2,1
9207,17,2,2,2
9208,17,2,2,1
9209,17,2,2,2
9210,17,2,2,1
9211,17,2,2,2
9212,17,2,2,1
9213,17,2,2,2
9214,17,2,2,1
9215,17,2,2,2
9216,17,2,2,1
9217,17,2,2,2
9218,17,2,2,1
9219,17,2,2,2
9220,17,2,2,1
9221,17,2,2,2
9222,17,2,2,1
9223,17,2,2,2
9224,17,2,2,1
9225,17,2,2,2
9226,17,2,2,1
9227,17,2,2,2
9228,17,2,2,1
9229,17,2,2,2
9230,17,2,2,1
9231,17,2,2,2
9232,17,2,2,1
9233,17,2,2,2
9234,17,2,2,1
9235,17,2,2,2
9236,17,2,2,1
9237,17,2,2,2
9238,17,2,2,1
9239,17,2,2,2
9240,17,2,2,1
9241,17,2,2,2
9242,17,2,2,1
9243,17,2,2,2
9244,17,2,2,1
9245,17,2,2,2
9246,17,2,2,1
9247,17,2,2,2
9248,17,2,2,1
9249,17,2,2,2
9250,17,2,2,1
9251,17,2,2,2
9252,17,2,2,1
9253,17,2,2,2
9254,17,2,2,1
9255,17,2,2,2
9256,18,1,1,1
9257,18,1,1,2
9258,18,1,1,1
9259,18,1,1,2
9260,18,1,1,1
9261,18,1,1,2
9262,18,1,1,1
9263,18,1,1,2
9264,18,1,1,1
9265,18,1,1,2
9266,18,1,1,1
9267,18,1,1,2
9268,18,1,1,1
9269,18,1,1,2
9270,18,1,1,1
9271,18,1,1,2
9272,18,1,1,1
9273,18,1,1,2
9274,18,1,1,1
9275,18,1,1,2
9276,18,1,1,1
9277,18,1,1,2
9278,18,1,1,1
9279,18,1,1,2
9280,18,1,1,1
9281,18,1,1,2
9282,18,1,1,1
9283,18,1,1,2
9284,18,1,1,1
9285,18,1,1,2
9286,18,1,1,1
9287,18,1,1,2
9288,18,1,1,1
9289,18,1,1,2
9290,18,1,1,1
9291,18,1,1,2
9292,18,1,1,1
9293,18,1,1,2
9294,18,1,1,1
9295,18,1,1,2
9296,18,1,1,1
9297,18,1,1,2
9298,18,1,1,1
9299,18,1,1,2
9300,18,1,1,1
9301,18,1,1,2
9302,18,1,1,1
9303,18,1,1,2
9304,18,1,1,1
9305,18,1,1,2
9306,18,1,1,1
9307,18,1,1,2
9308,18,1,1,1
9309,18,1,1,2
9310,18,1,1,1
9311,18,1,1,2
9312,18,1,1,1
9313,18,1,1,2
9314,18,1,1,1
9315,18,1,1,2
9316,18,1,1,1
9317,18,1,1,2
9318,18,1,1,1
9319,18,1,1,2
9320,18,1,1,1
9321,18,1,1,2
9322,18,1,1,1
9323,18,1,1,2
9324,18,1,1,1
9325,18,1,1,2
9326,18,1,1,1
9327,18,1,1,2
9328,18,1,1,1
9329,18,1,1,2
9330,18,1,1,1
9331,18,1,1,2
9332,18,1,1,1
9333,18,1,1,2
9334,18,1,1,1
9335,18,1,1,2
9336,18,1,1,1
9337,18,1,1,2
9338,18,1,1,1
9339,18,1,1,2
9340,18,1,1,1
9341,18,1,1,2
9342,18,1,1,1
9343,18,1,1,2
9344,18,1,1,1
9345,18,1,1,2
9346,18,1,1,1
9347,18,1,1,2
9348,18,1,1,1
9349,18,1,1,2
9350,18,1,1,1
9351,18,1,1,2
9352,18,1,1,1
9353,18,1,1,2
9354,18,1,1,1
9355,18,1,1,2
9356,18,1,1,1
9357,18,1,1,2
9358,18,1,1,1
9359,18,1,1,2
9360,18,1,1,1
9361,18,1,1,2
9362,18,1,1,1
9363,18,1,1,2
9364,18,1,1,1
9365,18,1,1,2
9366,18,1,1,1
9367,18,1,1,2
9368,18,2,1,1
9369,18,2,1,2
9370,18,2,1,1
9371,18,2,1,2
9372,18,2,1,1
9373,18,2,1,2
9374,18,2,1,1
9375,18,2,1,2
9376,18,2,1,1
9377,18,2,1,2
9378,18,2,1,1
9379,18,2,1,2
9380,18,2,1,1
9381,18,2,1,2
9382,18,2,1,1
9383,18,2,1,2
9384,18,2,1,1
9385,18,2,1,2
9386,18,2,1,1
9387,18,2,1,2
9388,18,2,1,1
9389,18,2,1,2
9390,18,2,1,1
9391,18,2,1,2
9392,18,2,1,1
9393,18,2,1,2
9394,18,2,1,1
9395,18,2,1,2
9396,18,2,1,1
9397,18,2,1,2
9398,18,2,1,1
9399,18,2,1,2
9400,18,2,1,1
9401,18,2,1,2
9402,18,2,1,1
9403,18,2,1,2
9404,18,2,1,1
9405,18,2,1,2
9406,18,2,1,1
9407,18,2,1,2
9408,18,2,1,1
9409,18,2,1,2
9410,18,2,1,1
9411,18,2,1,2
9412,18,2,1,1
9413,18,2,1,2
9414,18,2,1,1
9415,18,2,1,2
9416,18,2,1,1
9417,18,2,1,2
9418,18,2,1,1
9419,18,2,1,2
9420,18,2,1,1
9421,18,2,1,2
9422,18,2,1,1
9423,18,2,1,2
9424,18,2,1,1
9425,18,2,1,2
9426,18,2,1,1
9427,18,2,1,2
9428,18,2,1,1
9429,18,2,1,2
9430,18,2,1,1
9431,18,2,1,2
9432,18,2,1,1
9433,18,2,1,2
9434,18,2,1,1
9435,18,2,1,2
9436,18,2,1,1
9437,18,2,1,2
9438,18,2,1,1
9439,18,2,1,2
9440,18,2,1,1
9441,18,2,1,2
9442,18,2,1,1
9443,18,2,1,2
9444,18,2,1,1
9445,18,2,1,2
9446,18,2,1,1
9447,18,2,1,2
9448,18,2,1,1
9449,18,2,1,2
9450,18,2,1,1
9451,18,2,1,2
9452,18,2,1,1
9453,18,2,1,2
9454,18,2,1,1
9455,18,2,1,2
9456,18,2,1,1
9457,18,2,1,2
9458,18,2,1,1
9459,18,2,1,2
9460,18,2,1,1
9461,18,2,1,2
9462,18,2,1,1
9463,18,2,1,2
9464,18,2,1,1
9465,18,2,1,2
9466,18,2,1,1
9467,18,2,1,2
9468,18,2,1,1
9469,18,2,1,2
9470,18,2,1,1
9471,18,2,1,2
9472,18,2,1,1
9473,18,2,1,2
9474,18,2,1,1
9475,18,2,1,2
9476,18,2,1,1
9477,18,2,1,2
9478,18,2,1,1
9479,18,2,1,2
9480,18,2,1,1
9481,18,2,1,2
9482,18,2,1,1
9483,18,2,1,2
9484,18,2,1,1
9485,18,2,1,2
9486,18,2,1,1
9487,18,2,1,2
9488,18,1,2,1
9489,18,1,2,2
9490,18,1,2,1
9491,18,1,2,2
9492,18,1,2,1
9493,18,1,2,2
9494,18,1,2,1
9495,18,1,2,2
9496,18,1,2,1
9497,18,1,2,2
9498,18,1,2,1
9499,18,1,2,2
9500,18,1,2,1
9501,18,1,2,2
9502,18,1,2,1
9503,18,1,2,2
9504,18,1,2,1
9505,18,1,2,2
9506,18,1,2,1
9507,18,1,2,2
9508,18,1,2,1
9509,18,1,2,2
9510,18,1,2,1
9511,18,1,2,2
9512,18,1,2,1
9513,18,1,2,2
9514,18,1,2,1
9515,18,1,2,2
9516,18,1,2,1
9517,18,1,2,2
9518,18,1,2,1
9519,18,1,2,2
9520,18,1,2,1
9521,18,1,2,2
9522,18,1,2,1
9523,18,1,2,2
9524,18,1,2,1
9525,18,1,2,2
9526,18,1,2,1
9527,18,1,2,2
9528,18,1,2,1
9529,18,1,2,2
9530,18,1,2,1
9531,18,1,2,2
9532,18,1,2,1
9533,18,1,2,2
9534,18,1,2,1
9535,18,1,2,2
9536,18,1,2,1
9537,18,1,2,2
9538,18,1,2,1
9539,18,1,2,2
9540,18,1,2,1
9541,18,1,2,2
9542,18,1,2,1
9543,18,1,2,2
9544,18,1,2,1
9545,18,1,2,2
9546,18,1,2,1
9547,18,1,2,2
9548,18,1,2,1
9549,18,1,2,2
9550,18,1,2,1
9551,18,1,2,2
9552,18,1,2,1
9553,18,1,2,2
9554,18,1,2,1
9555,18,1,2,2
9556,18,1,2,1
9557,18,1,2,2
9558,18,1,2,1
9559,18,1,2,2
9560,18,1,2,1
9561,18,1,2,2
9562,18,1,2,1
9563,18,1,2,2
9564,18,1,2,1
9565,18,1,2,2
9566,18,1,2,1
9567,18,1,2,2
9568,18,1,2,1
9569,18,1,2,2
9570,18,1,2,1
9571,18,1,2,2
9572,18,1,2,1
9573,18,1,2,2
9574,18,1,2,1
9575,18,1,2,2
9576,18,1,2,1
9577,18,1,2,2
9578,18,1,2,1
9579,18,1,2,2
9580,18,1,2,1
9581,18,1,2,2
9582,18,1,2,1
9583,18,1,2,2
9584,18,1,2,1
9585,18,1,2,2
9586,18,1,2,1
9587,18,1,2,2
9588,18,1,2,1
9589,18,1,2,2
9590,18,1,2,1
9591,18,1,2,2
9592,18,1,2,1
9593,18,1,2,2
9594,18,1,2,1
9595,18,1,2,2
9596,18,1,2,1
9597,18,1,2,2
9598,18,1,2,1
9599,18,1,2,2
9600,18,2,2,1
9601,18,2,2,2
9602,18,2,2,1
9603,18,2,2,2
9604,18,2,2,1
9605,18,2,2,2
9606,18,2,2,1
9607,18,2,2,2
9608,18,2,2,1
9609,18,2,2,2
9610,18,2,2,1
9611,18,2,2,2
9612,18,2,2,1
9613,18,2,2,2
9614,18,2,2,1
9615,18,2,2,2
9616,18,2,2,1
9617,18,2,2,2
9618,18,2,2,1
9619,18,2,2,2
9620,18,2,2,1
9621,18,2,2,2
9622,18,2,2,1
9623,18,2,2,2
9624,18,2,2,1
9625,18,2,2,2
9626,18,2,2,1
9627,18,2,2,2
9628,18,2,2,1
9629,18,2,2,2
9630,18,2,2,1
9631,18,2,2,2
9632,18,2,2,1
9633,18,2,2,2
9634,18,2,2,1
9635,18,2,2,2
9636,18,2,2,1
9637,18,2,2,2
9638,18,2,2,1
9639,18,2,2,2
9640,18,2,2,1
9641,18,2,2,2
9642,18,2,2,1
9643,18,2,2,2
9644,18,2,2,1
9645,18,2,2,2
9646,18,2,2,1
9647,18,2,2,2
9648,18,2,2,1
9649,18,2,2,2
9650,18,2,2,1
9651,18,2,2,2
9652,18,2,2,1
9653,18,2,2,2
9654,18,2,2,1
9655,18,2,2,2
9656,18,2,2,1
9657,18,2,2,2
9658,18,2,2,1
9659,18,2,2,2
9660,18,2,2,1
9661,18,2,2,2
9662,18,2,2,1
9663,18,2,2,2
9664,18,2,2,1
9665,18,2,2,2
9666,18,2,2,1
9667,18,2,2,2
9668,18,2,2,1
9669,18,2,2,2
9670,18,2,2,1
9671,18,2,2,2
9672,18,2,2,1
9673,18,2,2,2
9674,18,2,2,1
9675,18,2,2,2
9676,18,2,2,1
9677,18,2,2,2
9678,18,2,2,1
9679,18,2,2,2
9680,18,2,2,1
9681,18,2,2,2
9682,18,2,2,1
9683,18,2,2,2
9684,18,2,2,1
9685,18,2,2,2
9686,18,2,2,1
9687,18,2,2,2
9688,18,2,2,1
9689,18,2,2,2
9690,18,2,2,1
9691,18,2,2,2
9692,18,2,2,1
9693,18,2,2,2
9694,18,2,2,1
9695,18,2,2,2
9696,18,2,2,1
9697,18,2,2,2
9698,18,2,2,1
9699,18,2,2,2
9700,18,2,2,1
9701,18,2,2,2
9702,18,2,2,1
9703,18,2,2,2
9704,18,2,2,1
9705,18,2,2,2
9706,18,2,2,1
9707,18,2,2,2
9708,18,2,2,1
9709,18,2,2,2
9710,18,2,2,1
9711,18,2,2,2
9712,18,2,2,1
9713,18,2,2,2
9714,18,2,2,1
9715,18,2,2,2
9716,18,2,2,1
9717,18,2,2,2
9718,18,2,2,1
9719,18,2,2,2
9720,19,1,1,1
9721,19,1,1,2
9722,19,1,1,1
9723,19,1,1,2
9724,19,1,1,1
9725,19,1,1,2
9726,19,1,1,1
9727,19,1,1,2
9728,19,1,1,1
9729,19,1,1,2
9730,19,1,1,1
9731,19,1,1,2
9732,19,1,1,1
9733,19,1,1,2
9734,19,1,1,1
9735,19,1,1,2
9736,19,1,1,1
9737,19,1,1,2
9738,19,1,1,1
9739,19,1,1,2
9740,19,1,1,1
9741,19,1,1,2
9742,19,1,1,1
9743,19,1,1,2
9744,19,1,1,1
9745,19,1,1,2
9746,19,1,1,1
9747,19,1,1,2
9748,19,1,1,1
9749,19,1,1,2
9750,19,1,1,1
9751,19,1,1,2
9752,19,1,1,1
9753,19,1,1,2
9754,19,1,1,1
9755,19,1,1,2
9756,19,1,1,1
9757,19,1,1,2
9758,19,1,1,1
9759,19,1,1,2
9760,19,1,1,1
9761,19,1,1,2
9762,19,1,1,1
9763,19,1,1,2
9764,19,1,1,1
9765,19,1,1,2
9766,19,1,1,1
9767,19,1,1,2
9768,19,1,1,1
9769,19,1,1,2
9770,19,1,1,1
9771,19,1,1,2
9772,19,1,1,1
9773,19,1,1,2
9774,19,1,1,1
9775,19,1,1,2
9776,19,1,1,1
9777,19,1,1,2
9778,19,1,1,1
9779,19,1,1,2
9780,19,1,1,1
9781,19,1,1,2
9782,19,1,1,1
9783,19,1,1,2
9784,19,1,1,1
9785,19,1,1,2
9786,19,1,1,1
9787,19,1,1,2
9788,19,1,1,1
9789,19,1,1,2
9790,19,1,1,1
9791,19,1,1,2
9792,19,1,1,1
9793,19,1,1,2
9794,19,1,1,1
9795,19,1,1,2
9796,19,1,1,1
9797,19,1,1,2
9798,19,1,1,1
9799,19,1,1,2
9800,19,1,1,1
9801,19,1,1,2
9802,19,1,1,1
9803,19,1,1,2
9804,19,1,1,1
9805,19,1,1,2
9806,19,1,1,1
9807,19,1,1,2
9808,19,1,1,1
9809,19,1,1,2
9810,19,1,1,1
9811,19,1,1,2
9812,19,1,1,1
9813,19,1,1,2
9814,19,1,1,1
9815,19,1,1,2
9816,19,1,1,1
9817,19,1,1,2
9818,19,1,1,1
9819,19,1,1,2
9820,19,1,1,1
9821,19,1,1,2
9822,19,1,1,1
9823,19,1,1,2
9824,19,1,1,1
9825,19,1,1,2
9826,19,1,1,1
9827,19,1,1,2
9828,19,1,1,1
9829,19,1,1,2
9830,19,1,1,1
9831,19,1,1,2
9832,19,1,1,1
9833,19,1,1,2
9834,19,1,1,1
9835,19,1,1,2
9836,19,1,1,1
9837,19,1,1,2
9838,19,1,1,1
9839,19,1,1,2
9840,19,1,1,1
9841,19,1,1,2
9842,19,1,1,1
9843,19,1,1,2
9844,19,1,1,1
9845,19,1,1,2
9846,19,1,1,1
9847,19,1,1,2
9848,19,2,1,1
9849,19,2,1,2
9850,19,2,1,1
9851,19,2,1,2
9852,19,2,1,1
9853,19,2,1,2
9854,19,2,1,1
9855,19,2,1,2
9856,19,2,1,1
9857,19,2,1,2
9858,19,2,1,1
9859,19,2,1,2
9860,19,2,1,1
9861,19,2,1,2
9862,19,2,1,1
9863,19,2,1,2
9864,19,2,1,1
9865,19,2,1,2
9866,19,2,1,1
9867,19,2,1,2
9868,19,2,1,1
9869,19,2,1,2
9870,19,2,1,1
9871,19,2,1,2
9872,19,2,1,1
9873,19,2,1,2
9874,19,2,1,1
9875,19,2,1,2
9876,19,2,1,1
9877,19,2,1,2
9878,19,2,1,1
9879,19,2,1,2
9880,19,2,1,1
9881,19,2,1,2
9882,19,2,1,1
9883,19,2,1,2
9884,19,2,1,1
9885,19,2,1,2
9886,19,2,1,1
9887,19,2,1,2
9888,19,2,1,1
9889,19,2,1,2
9890,19,2,1,1
9891,19,2,1,2
9892,19,2,1,1
9893,19,2,1,2
9894,19,2,1,1
9895,19,2,1,2
9896,19,2,1,1
9897,19,2,1,2
9898,19,2,1,1
9899,19,2,1,2
9900,19,2,1,1
9901,19,2,1,2
9902,19,2,1,1
9903,19,2,1,2
9904,19,2,1,1
9905,19,2,1,2
9906,19,2,1,1
9907,19,2,1,2
9908,19,2,1,1
9909,19,2,1,2
9910,19,2,1,1
9911,19,2,1,2
9912,19,2,1,1
9913,19,2,1,2
9914,19,2,1,1
9915,19,2,1,2
9916,19,2,1,1
9917,19,2,1,2
9918,19,2,1,1
9919,19,2,1,2
9920,19,2,1,1
9921,19,2,1,2
9922,19,2,1,1
9923,19,2,1,2
9924,19,2,1,1
9925,19,2,1,2
9926,19,2,1,1
9927,19,2,1,2
9928,19,2,1,1
9929,19,2,1,2
9930,19,2,1,1
9931,19,2,1,2
9932,19,2,1,1
9933,19,2,1,2
9934,19,2,1,1
9935,19,2,1,2
9936,19,2,1,1
9937,19,2,1,2
9938,19,2,1,1
9939,19,2,1,2
9940,19,2,1,1
9941,19,2,1,2
9942,19,2,1,1
9943,19,2,1,2
9944,19,2,1,1
9945,19,2,1,2
9946,19,2,1,1
9947,19,2,1,2
9948,19,2,1,1
9949,19,2,1,2
9950,19,2,1,1
9951,19,2,1,2
9952,19,2,1,1
9953,19,2,1,2
9954,19,2,1,1
9955,19,2,1,2
9956,19,2,1,1
9957,19,2,1,2
9958,19,2,1,1
9959,19,2,1,2
9960,19,2,1,1
9961,19,2,1,2
9962,19,2,1,1
9963,19,2,1,2
9964,19,2,1,1
9965,19,2,1,2
9966,19,1,2,1
9967,19,1,2,2
9968,19,1,2,1
9969,19,1,2,2
9970,19,1,2,1
9971,19,1,2,2
9972,19,1,2,1
9973,19,1,2,2
9974,19,1,2,1
9975,19,1,2,2
9976,19,1,2,1
9977,19,1,2,2
9978,19,1,2,1
9979,19,1,2,2
9980,19,1,2,1
9981,19,1,2,2
9982,19,1,2,1
9983,19,1,2,2
9984,19,1,2,1
9985,19,1,2,2
9986,19,1,2,1
9987,19,1,2,2
9988,19,1,2,1
9989,19,1,2,2
9990,19,1,2,1
9991,19,1,2,2
9992,19,1,2,1
9993,19,1,2,2
9994,19,1,2,1
9995,19,1,2,2
9996,19,1,2,1
9997,19,1,2,2
9998,19,1,2,1
9999,19,1,2,2
10000,19,1,2,1
10001,19,1,2,2
10002,19,1,2,1
10003,19,1,2,2
10004,19,1,2,1
10005,19,1,2,2
10006,19,1,2,1
10007,19,1,2,2
10008,19,1,2,1
10009,19,1,2,2
10010,19,1,2,1
10011,19,1,2,2
10012,19,1,2,1
10013,19,1,2,2
10014,19,1,2,1
10015,19,1,2,2
10016,19,1,2,1
10017,19,1,2,2
10018,19,1,2,1
10019,19,1,2,2
10020,19,1,2,1
10021,19,1,2,2
10022,19,1,2,1
10023,19,1,2,2
10024,19,1,2,1
10025,19,1,2,2
10026,19,1,2,1
10027,19,1,2,2
10028,19,1,2,1
10029,19,1,2,2
10030,19,1,2,1
10031,19,1,2,2
10032,19,1,2,1
10033,19,1,2,2
10034,19,1,2,1
10035,19,1,2,2
10036,19,1,2,1
10037,19,1,2,2
10038,19,1,2,1
10039,19,1,2,2
10040,19,1,2,1
10041,19,1,2,2
10042,19,1,2,1
10043,19,1,2,2
10044,19,1,2,1
10045,19,1,2,2
10046,19,1,2,1
10047,19,1,2,2
10048,19,1,2,1
10049,19,1,2,2
10050,19,1,2,1
10051,19,1,2,2
10052,19,1,2,1
10053,19,1,2,2
10054,19,1,2,1
10055,19,1,2,2
10056,19,1,2,1
10057,19,1,2,2
10058,19,1,2,1
10059,19,1,2,2
10060,19,1,2,1
10061,19,1,2,2
10062,19,1,2,1
10063,19,1,2,2
10064,19,1,2,1
10065,19,1,2,2
10066,19,1,2,1
10067,19,1,2,2
10068,19,1,2,1
10069,19,1,2,2
10070,19,1,2,1
10071,19,1,2,2
10072,19,1,2,1
10073,19,1,2,2
10074,19,1,2,1
10075,19,1,2,2
10076,19,1,2,1
10077,19,1,2,2
10078,19,1,2,1
10079,19,1,2,2
10080,19,1,2,1
10081,19,1,2,2
10082,19,1,2,1
10083,19,1,2,2
10084,19,1,2,1
10085,19,1,2,2
10086,19,1,2,1
10087,19,1,2,2
10088,19,1,2,1
10089,19,1,2,2
10090,19,1,2,1
10091,19,1,2,2
10092,19,1,2,1
10093,19,1,2,2
10094,19,2,2,1
10095,19,2,2,2
10096,19,2,2,1
10097,19,2,2,2
10098,19,2,2,1
10099,19,2,2,2
10100,19,2,2,1
10101,19,2,2,2
10102,19,2,2,1
10103,19,2,2,2
10104,19,2,2,1
10105,19,2,2,2
10106,19,2,2,1
10107,19,2,2,2
10108,19,2,2,1
10109,19,2,2,2
10110,19,2,2,1
10111,19,2,2,2
10112,19,2,2,1
10113,19,2,2,2
10114,19,2,2,1
10115,19,2,2,2
10116,19,2,2,1
10117,19,2,2,2
10118,19,2,2,1
10119,19,2,2,2
10120,19,2,2,1
10121,19,2,2,2
10122,19,2,2,1
10123,19,2,2,2
10124,19,2,2,1
10125,19,2,2,2
10126,19,2,2,1
10127,19,2,2,2
10128,19,2,2,1
10129,19,2,2,2
10130,19,2,2,1
10131,19,2,2,2
10132,19,2,2,1
10133,19,2,2,2
10134,19,2,2,1
10135,19,2,2,2
10136,19,2,2,1
10137,19,2,2,2
10138,19,2,2,1
10139,19,2,2,2
10140,19,2,2,1
10141,19,2,2,2
10142,19,2,2,1
10143,19,2,2,2
10144,19,2,2,1
10145,19,2,2,2
10146,19,2,2,1
10147,19,2,2,2
10148,19,2,2,1
10149,19,2,2,2
10150,19,2,2,1
10151,19,2,2,2
10152,19,2,2,1
10153,19,2,2,2
10154,19,2,2,1
10155,19,2,2,2
10156,19,2,2,1
10157,19,2,2,2
10158,19,2,2,1
10159,19,2,2,2
10160,19,2,2,1
10161,19,2,2,2
10162,19,2,2,1
10163,19,2,2,2
10164,19,2,2,1
10165,19,2,2,2
10166,19,2,2,1
10167,19,2,2,2
10168,19,2,2,1
10169,19,2,2,2
10170,19,2,2,1
10171,19,2,2,2
10172,19,2,2,1
10173,19,2,2,2
10174,19,2,2,1
10175,19,2,2,2
10176,19,2,2,1
10177,19,2,2,2
10178,19,2,2,1
10179,19,2,2,2
10180,19,2,2,1
10181,19,2,2,2
10182,19,2,2,1
10183,19,2,2,2
10184,19,2,2,1
10185,19,2,2,2
10186,19,2,2,1
10187,19,2,2,2
10188,19,2,2,1
10189,19,2,2,2
10190,19,2,2,1
10191,19,2,2,2
10192,19,2,2,1
10193,19,2,2,2
10194,19,2,2,1
10195,19,2,2,2
10196,19,2,2,1
10197,19,2,2,2
10198,19,2,2,1
10199,19,2,2,2
10200,19,2,2,1
10201,19,2,2,2
10202,19,2,2,1
10203,19,2,2,2
10204,19,2,2,1
10205,19,2,2,2
10206,19,2,2,1
10207,19,2,2,2
10208,19,2,2,1
10209,19,2,2,2
10210,19,2,2,1
10211,19,2,2,2
10212,20,1,1,1
10213,20,1,1,2
10214,20,1,1,1
10215,20,1,1,2
10216,20,1,1,1
10217,20,1,1,2
10218,20,1,1,1
10219,20,1,1,2
10220,20,1,1,1
10221,20,1,1,2
10222,20,1,1,1
10223,20,1,1,2
10224,20,1,1,1
10225,20,1,1,2
10226,20,1,1,1
10227,20,1,1,2
10228,20,1,1,1
10229,20,1,1,2
10230,20,1,1,1
10231,20,1,1,2
10232,20,1,1,1
10233,20,1,1,2
10234,20,1,1,1
10235,20,1,1,2
10236,20,1,1,1
10237,20,1,1,2
10238,20,1,1,1
10239,20,1,1,2
10240,20,1,1,1
10241,20,1,1,2
10242,20,1,1,1
10243,20,1,1,2
10244,20,1,1,1
10245,20,1,1,2
10246,20,1,1,1
10247,20,1,1,2
10248,20,1,1,1
10249,20,1,1,2
10250,20,1,1,1
10251,20,1,1,2
10252,20,1,1,1
10253,20,1,1,2
10254,20,1,1,1
10255,20,1,1,2
10256,20,1,1,1
10257,20,1,1,2
10258,20,1,1,1
10259,20,1,1,2
10260,20,1,1,1
10261,20,1,1,2
10262,20,1,1,1
10263,20,1,1,2
10264,20,1,1,1
10265,20,1,1,2
10266,20,1,1,1
10267,20,1,1,2
10268,20,1,1,1
10269,20,1,1,2
10270,20,1,1,1
10271,20,1,1,2
10272,20,1,1,1
10273,20,1,1,2
10274,20,1,1,1
10275,20,1,1,2
10276,20,1,1,1
10277,20,1,1,2
10278,20,1,1,1
10279,20,1,1,2
10280,20,1,1,1
10281,20,1,1,2
10282,20,1,1,1
10283,20,1,1,2
10284,20,1,1,1
10285,20,1,1,2
10286,20,1,1,1
10287,20,1,1,2
10288,20,1,1,1
10289,20,1,1,2
10290,20,1,1,1
10291,20,1,1,2
10292,20,1,1,1
10293,20,1,1,2
10294,20,1,1,1
10295,20,1,1,2
10296,20,1,1,1
10297,20,1,1,2
10298,20,1,1,1
10299,20,1,1,2
10300,20,1,1,1
10301,20,1,1,2
10302,20,1,1,1
10303,20,1,1,2
10304,20,1,1,1
10305,20,1,1,2
10306,20,1,1,1
10307,20,1,1,2
10308,20,1,1,1
10309,20,1,1,2
10310,20,1,1,1
10311,20,1,1,2
10312,20,1,1,1
10313,20,1,1,2
10314,20,2,1,1
10315,20,2,1,2
10316,20,2,1,1
10317,20,2,1,2
10318,20,2,1,1
10319,20,2,1,2
10320,20,2,1,1
10321,20,2,1,2
10322,20,2,1,1
10323,20,2,1,2
10324,20,2,1,1
10325,20,2,1,2
10326,20,2,1,1
10327,20,2,1,2
10328,20,2,1,1
10329,20,2,1,2
10330,20,2,1,1
10331,20,2,1,2
10332,20,2,1,1
10333,20,2,1,2
10334,20,2,1,1
10335,20,2,1,2
10336,20,2,1,1
10337,20,2,1,2
10338,20,2,1,1
10339,20,2,1,2
10340,20,2,1,1
10341,20,2,1,2
10342,20,2,1,1
10343,20,2,1,2
10344,20,2,1,1
10345,20,2,1,2
10346,20,2,1,1
10347,20,2,1,2
10348,20,2,1,1
10349,20,2,1,2
10350,20,2,1,1
10351,20,2,1,2
10352,20,2,1,1
10353,20,2,1,2
10354,20,2,1,1
10355,20,2,1,2
10356,20,2,1,1
10357,20,2,1,2
10358,20,2,1,1
10359,20,2,1,2
10360,20,2,1,1
10361,20,2,1,2
10362,20,2,1,1
10363,20,2,1,2
10364,20,2,1,1
10365,20,2,1,2
10366,20,2,1,1
10367,20,2,1,2
10368,20,2,1,1
10369,20,2,1,2
10370,20,2,1,1
10371,20,2,1,2
10372,20,2,1,1
10373,20,2,1,2
10374,20,2,1,1
10375,20,2,1,2
10376,20,2,1,1
10377,20,2,1,2
10378,20,2,1,1
10379,20,2,1,2
10380,20,2,1,1
10381,20,2,1,2
10382,20,2,1,1
10383,20,2,1,2
10384,20,2,1,1
10385,20,2,1,2
10386,20,2,1,1
10387,20,2,1,2
10388,20,2,1,1
10389,20,2,1,2
10390,20,2,1,1
10391,20,2,1,2
10392,20,2,1,1
10393,20,2,1,2
10394,20,2,1,1
10395,20,2,1,2
10396,20,2,1,1
10397,20,2,1,2
10398,20,2,1,1
10399,20,2,1,2
10400,20,2,1,1
10401,20,2,1,2
10402,20,2,1,1
10403,20,2,1,2
10404,20,2,1,1
10405,20,2,1,2
10406,20,2,1,1
10407,20,2,1,2
10408,20,2,1,1
10409,20,2,1,2
10410,20,2,1,1
10411,20,2,1,2
10412,20,2,1,1
10413,20,2,1,2
10414,20,2,1,1
10415,20,2,1,2
10416,20,2,1,1
10417,20,2,1,2
10418,20,2,1,1
10419,20,2,1,2
10420,20,2,1,1
10421,20,2,1,2
10422,20,1,2,1
10423,20,1,2,2
10424,20,1,2,1
10425,20,1,2,2
10426,20,1,2,1
10427,20,1,2,2
10428,20,1,2,1
10429,20,1,2,2
10430,20,1,2,1
10431,20,1,2,2
10432,20,1,2,1
10433,20,1,2,2
10434,20,1,2,1
10435,20,1,2,2
10436,20,1,2,1
10437,20,1,2,2
10438,20,1,2,1
10439,20,1,2,2
10440,20,1,2,1
10441,20,1,2,2
10442,20,1,2,1
10443,20,1,2,2
10444,20,1,2,1
10445,20,1,2,2
10446,20,1,2,1
10447,20,1,2,2
10448,20,1,2,1
10449,20,1,2,2
10450,20,1,2,1
10451,20,1,2,2
10452,20,1,2,1
10453,20,1,2,2
10454,20,1,2,1
10455,20,1,2,2
10456,20,1,2,1
10457,20,1,2,2
10458,20,1,2,1
10459,20,1,2,2
10460,20,1,2,1
10461,20,1,2,2
10462,20,1,2,1
10463,20,1,2,2
10464,20,1,2,1
10465,20,1,2,2
10466,20,1,2,1
10467,20,1,2,2
10468,20,1,2,1
10469,20,1,2,2
10470,20,1,2,1
10471,20,1,2,2
10472,20,1,2,1
10473,20,1,2,2
10474,20,1,2,1
10475,20,1,2,2
10476,20,1,2,1
10477,20,1,2,2
10478,20,1,2,1
10479,20,1,2,2
10480,20,1,2,1
10481,20,1,2,2
10482,20,1,2,1
10483,20,1,2,2
10484,20,1,2,1
10485,20,1,2,2
10486,20,1,2,1
10487,20,1,2,2
10488,20,1,2,1
10489,20,1,2,2
10490,20,1,2,1
10491,20,1,2,2
10492,20,1,2,1
10493,20,1,2,2
10494,20,1,2,1
10495,20,1,2,2
10496,20,1,2,1
10497,20,1,2,2
10498,20,1,2,1
10499,20,1,2,2
10500,20,1,2,1
10501,20,1,2,2
10502,20,1,2,1
10503,20,1,2,2
10504,20,1,2,1
10505,20,1,2,2
10506,20,1,2,1
10507,20,1,2,2
10508,20,1,2,1
10509,20,1,2,2
10510,20,1,2,1
10511,20,1,2,2
10512,20,1,2,1
10513,20,1,2,2
10514,20,1,2,1
10515,20,1,2,2
10516,20,1,2,1
10517,20,1,2,2
10518,20,1,2,1
10519,20,1,2,2
10520,20,1,2,1
10521,20,1,2,2
10522,20,1,2,1
10523,20,1,2,2
10524,20,2,2,1
10525,20,2,2,2
10526,20,2,2,1
10527,20,2,2,2
10528,20,2,2,1
10529,20,2,2,2
10530,20,2,2,1
10531,20,2,2,2
10532,20,2,2,1
10533,20,2,2,2
10534,20,2,2,1
10535,20,2,2,2
10536,20,2,2,1
10537,20,2,2,2
10538,20,2,2,1
10539,20,2,2,2
10540,20,2,2,1
10541,20,2,2,2
10542,20,2,2,1
10543,20,2,2,2
10544,20,2,2,1
10545,20,2,2,2
10546,20,2,2,1
10547,20,2,2,2
10548,20,2,2,1
10549,20,2,2,2
10550,20,2,2,1
10551,20,2,2,2
10552,20,2,2,1
10553,20,2,2,2
10554,20,2,2,1
10555,20,2,2,2
10556,20,2,2,1
10557,20,2,2,2
10558,20,2,2,1
10559,20,2,2,2
10560,20,2,2,1
10561,20,2,2,2
10562,20,2,2,1
10563,20,2,2,2
10564,20,2,2,1
10565,20,2,2,2
10566,20,2,2,1
10567,20,2,2,2
10568,20,2,2,1
10569,20,2,2,2
10570,20,2,2,1
10571,20,2,2,2
10572,20,2,2,1
10573,20,2,2,2
10574,20,2,2,1
10575,20,2,2,2
10576,20,2,2,1
10577,20,2,2,2
10578,20,2,2,1
10579,20,2,2,2
10580,20,2,2,1
10581,20,2,2,2
10582,20,2,2,1
10583,20,2,2,2
10584,20,2,2,1
10585,20,2,2,2
10586,20,2,2,1
10587,20,2,2,2
10588,20,2,2,1
10589,20,2,2,2
10590,20,2,2,1
10591,20,2,2,2
10592,20,2,2,1
10593,20,2,2,2
10594,20,2,2,1
10595,20,2,2,2
10596,20,2,2,1
10597,20,2,2,2
10598,20,2,2,1
10599,20,2,2,2
10600,20,2,2,1
10601,20,2,2,2
10602,20,2,2,1
10603,20,2,2,2
10604,20,2,2,1
10605,20,2,2,2
10606,20,2,2,1
10607,20,2,2,2
10608,20,2,2,1
10609,20,2,2,2
10610,20,2,2,1
10611,20,2,2,2
10612,20,2,2,1
10613,20,2,2,2
10614,20,2,2,1
10615,20,2,2,2
10616,20,2,2,1
10617,20,2,2,2
10618,20,2,2,1
10619,20,2,2,2
10620,20,2,2,1
10621,20,2,2,2
10622,20,2,2,1
10623,20,2,2,2
10624,20,2,2,1
10625,20,2,2,2
10626,20,2,2,1
10627,20,2,2,2
10628,20,2,2,1
10629,20,2,2,2
10630,20,2,2,1
10631,20,2,2,2
10632,21,1,1,1
10633,21,1,1,2
10634,21,1,1,1
10635,21,1,1,2
10636,21,1,1,1
10637,21,1,1,2
10638,21,1,1,1
10639,21,1,1,2
10640,21,1,1,1
10641,21,1,1,2
10642,21,1,1,1
10643,21,1,1,2
10644,21,1,1,1
10645,21,1,1,2
10646,21,1,1,1
10647,21,1,1,2
10648,21,1,1,1
10649,21,1,1,2
10650,21,1,1,1
10651,21,1,1,2
10652,21,1,1,1
10653,21,1,1,2
10654,21,1,1,1
10655,21,1,1,2
10656,21,1,1,1
10657,21,1,1,2
10658,21,1,1,1
10659,21,1,1,2
10660,21,1,1,1
10661,21,1,1,2
10662,21,1,1,1
10663,21,1,1,2
10664,21,1,1,1
10665,21,1,1,2
10666,21,1,1,1
10667,21,1,1,2
10668,21,1,1,1
10669,21,1,1,2
10670,21,1,1,1
10671,21,1,1,2
10672,21,1,1,1
10673,21,1,1,2
10674,21,1,1,1
10675,21,1,1,2
10676,21,1,1,1
10677,21,1,1,2
10678,21,1,1,1
10679,21,1,1,2
10680,21,1,1,1
10681,21,1,1,2
10682,21,1,1,1
10683,21,1,1,2
10684,21,1,1,1
10685,21,1,1,2
10686,21,1,1,1
10687,21,1,1,2
10688,21,1,1,1
10689,21,1,1,2
10690,21,1,1,1
10691,21,1,1,2
10692,21,1,1,1
10693,21,1,1,2
10694,21,1,1,1
10695,21,1,1,2
10696,21,1,1,1
10697,21,1,1,2
10698,21,1,1,1
10699,21,1,1,2
10700,21,1,1,1
10701,21,1,1,2
10702,21,1,1,1
10703,21,1,1,2
10704,21,1,1,1
10705,21,1,1,2
10706,21,1,1,1
10707,21,1,1,2
10708,21,1,1,1
10709,21,1,1,2
10710,21,1,1,1
10711,21,1,1,2
10712,21,1,1,1
10713,21,1,1,2
10714,21,1,1,1
10715,21,1,1,2
10716,21,1,1,1
10717,21,1,1,2
10718,21,1,1,1
10719,21,1,1,2
10720,21,1,1,1
10721,21,1,1,2
10722,21,1,1,1
10723,21,1,1,2
10724,21,1,1,1
10725,21,1,1,2
10726,21,1,1,1
10727,21,1,1,2
10728,21,1,1,1
10729,21,1,1,2
10730,21,1,1,1
10731,21,1,1,2
10732,21,1,1,1
10733,21,1,1,2
10734,21,1,1,1
10735,21,1,1,2
10736,21,1,1,1
10737,21,1,1,2
10738,21,1,1,1
10739,21,1,1,2
10740,21,1,1,1
10741,21,1,1,2
10742,21,1,1,1
10743,21,1,1,2
10744,21,2,1,1
10745,21,2,1,2
10746,21,2,1,1
10747,21,2,1,2
10748,21,2,1,1
10749,21,2,1,2
10750,21,2,1,1
10751,21,2,1,2
10752,21,2,1,1
10753,21,2,1,2
10754,21,2,1,1
10755,21,2,1,2
10756,21,2,1,1
10757,21,2,1,2
10758,21,2,1,1
10759,21,2,1,2
10760,21,2,1,1
10761,21,2,1,2
10762,21,2,1,1
10763,21,2,1,2
10764,21,2,1,1
10765,21,2,1,2
10766,21,2,1,1
10767,21,2,1,2
10768,21,2,1,1
10769,21,2,1,2
10770,21,2,1,1
10771,21,2,1,2
10772,21,2,1,1
10773,21,2,1,2
10774,21,2,1,1
10775,21,2,1,2
10776,21,2,1,1
10777,21,2,1,2
10778,21,2,1,1
10779,21,2,1,2
10780,21,2,1,1
10781,21,2,1,2
10782,21,2,1,1
10783,21,2,1,2
10784,21,2,1,1
10785,21,2,1,2
10786,21,2,1,1
10787,21,2,1,2
10788,21,2,1,1
10789,21,2,1,2
10790,21,2,1,1
10791,21,2,1,2
10792,21,2,1,1
10793,21,2,1,2
10794,21,2,1,1
10795,21,2,1,2
10796,21,2,1,1
10797,21,2,1,2
10798,21,2,1,1
10799,21,2,1,2
10800,21,2,1,1
10801,21,2,1,2
10802,21,2,1,1
10803,21,2,1,2
10804,21,2,1,1
10805,21,2,1,2
10806,21,2,1,1
10807,21,2,1,2
10808,21,2,1,1
10809,21,2,1,2
10810,21,2,1,1
10811,21,2,1,2
10812,21,2,1,1
10813,21,2,1,2
10814,21,2,1,1
10815,21,2,1,2
10816,21,2,1,1
10817,21,2,1,2
10818,21,2,1,1
10819,21,2,1,2
10820,21,2,1,1
10821,21,2,1,2
10822,21,2,1,1
10823,21,2,1,2
10824,21,2,1,1
10825,21,2,1,2
10826,21,2,1,1
10827,21,2,1,2
10828,21,2,1,1
10829,21,2,1,2
10830,21,2,1,1
10831,21,2,1,2
10832,21,2,1,1
10833,21,2,1,2
10834,21,2,1,1
10835,21,2,1,2
10836,21,2,1,1
10837,21,2,1,2
10838,21,2,1,1
10839,21,2,1,2
10840,21,2,1,1
10841,21,2,1,2
10842,21,2,1,1
10843,21,2,1,2
10844,21,2,1,1
10845,21,2,1,2
10846,21,2,1,1
10847,21,2,1,2
10848,21,2,1,1
10849,21,2,1,2
10850,21,2,1,1
10851,21,2,1,2
10852,21,1,2,1
10853,21,1,2,2
10854,21,1,2,1
10855,21,1,2,2
10856,21,1,2,1
10857,21,1,2,2
10858,21,1,2,1
10859,21,1,2,2
10860,21,1,2,1
10861,21,1,2,2
10862,21,1,2,1
10863,21,1,2,2
10864,21,1,2,1
10865,21,1,2,2
10866,21,1,2,1
10867,21,1,2,2
10868,21,1,2,1
10869,21,1,2,2
10870,21,1,2,1
10871,21,1,2,2
10872,21,1,2,1
10873,21,1,2,2
10874,21,1,2,1
10875,21,1,2,2
10876,21,1,2,1
10877,21,1,2,2
10878,21,1,2,1
10879,21,1,2,2
10880,21,1,2,1
10881,21,1,2,2
10882,21,1,2,1
10883,21,1,2,2
10884,21,1,2,1
10885,21,1,2,2
10886,21,1,2,1
10887,21,1,2,2
10888,21,1,2,1
10889,21,1,2,2
10890,21,1,2,1
10891,21,1,2,2
10892,21,1,2,1
10893,21,1,2,2
10894,21,1,2,1
10895,21,1,2,2
10896,21,1,2,1
10897,21,1,2,2
10898,21,1,2,1
10899,21,1,2,2
10900,21,1,2,1
10901,21,1,2,2
10902,21,1,2,1
10903,21,1,2,2
10904,21,1,2,1
10905,21,1,2,2
10906,21,1,2,1
10907,21,1,2,2
10908,21,1,2,1
10909,21,1,2,2
10910,21,1,2,1
10911,21,1,2,2
10912,21,1,2,1
10913,21,1,2,2
10914,21,1,2,1
10915,21,1,2,2
10916,21,1,2,1
10917,21,1,2,2
10918,21,1,2,1
10919,21,1,2,2
10920,21,1,2,1
10921,21,1,2,2
10922,21,1,2,1
10923,21,1,2,2
10924,21,1,2,1
10925,21,1,2,2
10926,21,1,2,1
10927,21,1,2,2
10928,21,1,2,1
10929,21,1,2,2
10930,21,1,2,1
10931,21,1,2,2
10932,21,1,2,1
10933,21,1,2,2
10934,21,1,2,1
10935,21,1,2,2
10936,21,1,2,1
10937,21,1,2,2
10938,21,1,2,1
10939,21,1,2,2
10940,21,1,2,1
10941,21,1,2,2
10942,21,1,2,1
10943,21,1,2,2
10944,21,1,2,1
10945,21,1,2,2
10946,21,1,2,1
10947,21,1,2,2
10948,21,1,2,1
10949,21,1,2,2
10950,21,1,2,1
10951,21,1,2,2
10952,21,1,2,1
10953,21,1,2,2
10954,21,1,2,1
10955,21,1,2,2
10956,21,1,2,1
10957,21,1,2,2
10958,21,1,2,1
10959,21,1,2,2
10960,21,1,2,1
10961,21,1,2,2
10962,21,1,2,1
10963,21,1,2,2
10964,21,2,2,1
10965,21,2,2,2
10966,21,2,2,1
10967,21,2,2,2
10968,21,2,2,1
10969,21,2,2,2
10970,21,2,2,1
10971,21,2,2,2
10972,21,2,2,1
10973,21,2,2,2
10974,21,2,2,1
10975,21,2,2,2
10976,21,2,2,1
10977,21,2,2,2
10978,21,2,2,1
10979,21,2,2,2
10980,21,2,2,1
10981,21,2,2,2
10982,21,2,2,1
10983,21,2,2,2
10984,21,2,2,1
10985,21,2,2,2
10986,21,2,2,1
10987,21,2,2,2
10988,21,2,2,1
10989,21,2,2,2
10990,21,2,2,1
10991,21,2,2,2
10992,21,2,2,1
10993,21,2,2,2
10994,21,2,2,1
10995,21,2,2,2
10996,21,2,2,1
10997,21,2,2,2
10998,21,2,2,1
10999,21,2,2,2
11000,21,2,2,1
11001,21,2,2,2
11002,21,2,2,1
11003,21,2,2,2
11004,21,2,2,1
11005,21,2,2,2
11006,21,2,2,1
11007,21,2,2,2
11008,21,2,2,1
11009,21,2,2,2
11010,21,2,2,1
11011,21,2,2,2
11012,21,2,2,1
11013,21,2,2,2
11014,21,2,2,1
11015,21,2,2,2
11016,21,2,2,1
11017,21,2,2,2
11018,21,2,2,1
11019,21,2,2,2
11020,21,2,2,1
11021,21,2,2,2
11022,21,2,2,1
11023,21,2,2,2
11024,21,2,2,1
11025,21,2,2,2
11026,21,2,2,1
11027,21,2,2,2
11028,21,2,2,1
11029,21,2,2,2
11030,21,2,2,1
11031,21,2,2,2
11032,21,2,2,1
11033,21,2,2,2
11034,21,2,2,1
11035,21,2,2,2
11036,21,2,2,1
11037,21,2,2,2
11038,21,2,2,1
11039,21,2,2,2
11040,21,2,2,1
11041,21,2,2,2
11042,21,2,2,1
11043,21,2,2,2
11044,21,2,2,1
11045,21,2,2,2
11046,21,2,2,1
11047,21,2,2,2
11048,21,2,2,1
11049,21,2,2,2
11050,21,2,2,1
11051,21,2,2,2
11052,21,2,2,1
11053,21,2,2,2
11054,21,2,2,1
11055,21,2,2,2
11056,21,2,2,1
11057,21,2,2,2
11058,21,2,2,1
11059,21,2,2,2
11060,21,2,2,1
11061,21,2,2,2
11062,21,2,2,1
11063,21,2,2,2
11064,21,2,2,1
11065,21,2,2,2
11066,21,2,2,1
11067,21,2,2,2
11068,21,2,2,1
11069,21,2,2,2
11070,21,2,2,1
11071,21,2,2,2
11072,22,1,1,1
11073,22,1,1,2
11074,22,1,1,1
11075,22,1,1,2
11076,22,1,1,1
11077,22,1,1,2
11078,22,1,1,1
11079,22,1,1,2
11080,22,1,1,1
11081,22,1,1,2
11082,22,1,1,1
11083,22,1,1,2
11084,22,1,1,1
11085,22,1,1,2
11086,22,1,1,1
11087,22,1,1,2
11088,22,1,1,1
11089,22,1,1,2
11090,22,1,1,1
11091,22,1,1,2
11092,22,1,1,1
11093,22,1,1,2
11094,22,1,1,1
11095,22,1,1,2
11096,22,1,1,1
11097,22,1,1,2
11098,22,1,1,1
11099,22,1,1,2
11100,22,1,1,1
11101,22,1,1,2
11102,22,1,1,1
11103,22,1,1,2
11104,22,1,1,1
11105,22,1,1,2
11106,22,1,1,1
11107,22,1,1,2
11108,22,1,1,1
11109,22,1,1,2
11110,22,1,1,1
11111,22,1,1,2
11112,22,1,1,1
11113,22,1,1,2
11114,22,1,1,1
11115,22,1,1,2
11116,22,1,1,1
11117,22,1,1,2
11118,22,1,1,1
11119,22,1,1,2
11120,22,1,1,1
11121,22,1,1,2
11122,22,1,1,1
11123,22,1,1,2
11124,22,1,1,1
11125,22,1,1,2
11126,22,1,1,1
11127,22,1,1,2
11128,22,1,1,1
11129,22,1,1,2
11130,22,1,1,1
11131,22,1,1,2
11132,22,1,1,1
11133,22,1,1,2
11134,22,1,1,1
11135,22,1,1,2
11136,22,1,1,1
11137,22,1,1,2
11138,22,1,1,1
11139,22,1,1,2
11140,22,1,1,1
11141,22,1,1,2
11142,22,1,1,1
11143,22,1,1,2
11144,22,1,1,1
11145,22,1,1,2
11146,22,1,1,1
11147,22,1,1,2
11148,22,1,1,1
11149,22,1,1,2
11150,22,1,1,1
11151,22,1,1,2
11152,22,1,1,1
11153,22,1,1,2
11154,22,1,1,1
11155,22,1,1,2
11156,22,1,1,1
11157,22,1,1,2
11158,22,1,1,1
11159,22,1,1,2
11160,22,1,1,1
11161,22,1,1,2
11162,22,1,1,1
11163,22,1,1,2
11164,22,1,1,1
11165,22,1,1,2
11166,22,1,1,1
11167,22,1,1,2
11168,22,1,1,1
11169,22,1,1,2
11170,22,1,1,1
11171,22,1,1,2
11172,22,1,1,1
11173,22,1,1,2
11174,22,1,1,1
11175,22,1,1,2
11176,22,1,1,1
11177,22,1,1,2
11178,22,1,1,1
11179,22,1,1,2
11180,22,1,1,1
11181,22,1,1,2
11182,22,1,1,1
11183,22,1,1,2
11184,22,1,1,1
11185,22,1,1,2
11186,22,1,1,1
11187,22,1,1,2
11188,22,1,1,1
11189,22,1,1,2
11190,22,1,1,1
11191,22,1,1,2
11192,22,1,1,1
11193,22,1,1,2
11194,22,1,1,1
11195,22,1,1,2
11196,22,1,1,1
11197,22,1,1,2
11198,22,1,1,1
11199,22,1,1,2
11200,22,2,1,1
11201,22,2,1,2
11202,22,2,1,1
11203,22,2,1,2
11204,22,2,1,1
11205,22,2,1,2
11206,22,2,1,1
11207,22,2,1,2
11208,22,2,1,1
11209,22,2,1,2
11210,22,2,1,1
11211,22,2,1,2
11212,22,2,1,1
11213,22,2,1,2
11214,22,2,1,1
11215,22,2,1,2
11216,22,2,1,1
11217,22,2,1,2
11218,22,2,1,1
11219,22,2,1,2
11220,22,2,1,1
11221,22,2,1,2
11222,22,2,1,1
11223,22,2,1,2
11224,22,2,1,1
11225,22,2,1,2
11226,22,2,1,1
11227,22,2,1,2
11228,22,2,1,1
11229,22,2,1,2
11230,22,2,1,1
11231,22,2,1,2
11232,22,2,1,1
11233,22,2,1,2
11234,22,2,1,1
11235,22,2,1,2
11236,22,2,1,1
11237,22,2,1,2
11238,22,2,1,1
11239,22,2,1,2
11240,22,2,1,1
11241,22,2,1,2
11242,22,2,1,1
11243,22,2,1,2
11244,22,2,1,1
11245,22,2,1,2
11246,22,2,1,1
11247,22,2,1,2
11248,22,2,1,1
11249,22,2,1,2
11250,22,2,1,1
11251,22,2,1,2
11252,22,2,1,1
11253,22,2,1,2
11254,22,2,1,1
11255,22,2,1,2
11256,22,2,1,1
11257,22,2,1,2
11258,22,2,1,1
11259,22,2,1,2
11260,22,2,1,1
11261,22,2,1,2
11262,22,2,1,1
11263,22,2,1,2
11264,22,2,1,1
11265,22,2,1,2
11266,22,2,1,1
11267,22,2,1,2
11268,22,2,1,1
11269,22,2,1,2
11270,22,2,1,1
11271,22,2,1,2
11272,22,2,1,1
11273,22,2,1,2
11274,22,2,1,1
11275,22,2,1,2
11276,22,2,1,1
11277,22,2,1,2
11278,22,2,1,1
11279,22,2,1,2
11280,22,2,1,1
11281,22,2,1,2
11282,22,2,1,1
11283,22,2,1,2
11284,22,2,1,1
11285,22,2,1,2
11286,22,2,1,1
11287,22,2,1,2
11288,22,2,1,1
11289,22,2,1,2
11290,22,2,1,1
11291,22,2,1,2
11292,22,2,1,1
11293,22,2,1,2
11294,22,2,1,1
11295,22,2,1,2
11296,22,2,1,1
11297,22,2,1,2
11298,22,2,1,1
11299,22,2,1,2
11300,22,2,1,1
11301,22,2,1,2
11302,22,2,1,1
11303,22,2,1,2
11304,22,2,1,1
11305,22,2,1,2
11306,22,1,2,1
11307,22,1,2,2
11308,22,1,2,1
11309,22,1,2,2
11310,22,1,2,1
11311,22,1,2,2
11312,22,1,2,1
11313,22,1,2,2
11314,22,1,2,1
11315,22,1,2,2
11316,22,1,2,1
11317,22,1,2,2
11318,22,1,2,1
11319,22,1,2,2
11320,22,1,2,1
11321,22,1,2,2
11322,22,1,2,1
11323,22,1,2,2
11324,22,1,2,1
11325,22,1,2,2
11326,22,1,2,1
11327,22,1,2,2
11328,22,1,2,1
11329,22,1,2,2
11330,22,1,2,1
11331,22,1,2,2
11332,22,1,2,1
11333,22,1,2,2
11334,22,1,2,1
11335,22,1,2,2
11336,22,1,2,1
11337,22,1,2,2
11338,22,1,2,1
11339,22,1,2,2
11340,22,1,2,1
11341,22,1,2,2
11342,22,1,2,1
11343,22,1,2,2
11344,22,1,2,1
11345,22,1,2,2
11346,22,1,2,1
11347,22,1,2,2
11348,22,1,2,1
11349,22,1,2,2
11350,22,1,2,1
11351,22,1,2,2
11352,22,1,2,1
11353,22,1,2,2
11354,22,1,2,1
11355,22,1,2,2
11356,22,1,2,1
11357,22,1,2,2
11358,22,1,2,1
11359,22,1,2,2
11360,22,1,2,1
11361,22,1,2,2
11362,22,1,2,1
11363,22,1,2,2
11364,22,1,2,1
11365,22,1,2,2
11366,22,1,2,1
11367,22,1,2,2
11368,22,1,2,1
11369,22,1,2,2
11370,22,1,2,1
11371,22,1,2,2
11372,22,1,2,1
11373,22,1,2,2
11374,22,1,2,1
11375,22,1,2,2
11376,22,1,2,1
11377,22,1,2,2
11378,22,1,2,1
11379,22,1,2,2
11380,22,1,2,1
11381,22,1,2,2
11382,22,1,2,1
11383,22,1,2,2
11384,22,1,2,1
11385,22,1,2,2
11386,22,1,2,1
11387,22,1,2,2
11388,22,1,2,1
11389,22,1,2,2
11390,22,1,2,1
11391,22,1,2,2
11392,22,1,2,1
11393,22,1,2,2
11394,22,1,2,1
11395,22,1,2,2
11396,22,1,2,1
11397,22,1,2,2
11398,22,1,2,1
11399,22,1,2,2
11400,22,1,2,1
11401,22,1,2,2
11402,22,1,2,1
11403,22,1,2,2
11404,22,1,2,1
11405,22,1,2,2
11406,22,1,2,1
11407,22,1,2,2
11408,22,1,2,1
11409,22,1,2,2
11410,22,1,2,1
11411,22,1,2,2
11412,22,1,2,1
11413,22,1,2,2
11414,22,1,2,1
11415,22,1,2,2
11416,22,1,2,1
11417,22,1,2,2
11418,22,1,2,1
11419,22,1,2,2
11420,22,1,2,1
11421,22,1,2,2
11422,22,1,2,1
11423,22,1,2,2
11424,22,1,2,1
11425,22,1,2,2
11426,22,1,2,1
11427,22,1,2,2
11428,22,1,2,1
11429,22,1,2,2
11430,22,1,2,1
11431,22,1,2,2
11432,22,1,2,1
11433,22,1,2,2
11434,22,2,2,1
11435,22,2,2,2
11436,22,2,2,1
11437,22,2,2,2
11438,22,2,2,1
11439,22,2,2,2
11440,22,2,2,1
11441,22,2,2,2
11442,22,2,2,1
11443,22,2,2,2
11444,22,2,2,1
11445,22,2,2,2
11446,22,2,2,1
11447,22,2,2,2
11448,22,2,2,1
11449,22,2,2,2
11450,22,2,2,1
11451,22,2,2,2
11452,22,2,2,1
11453,22,2,2,2
11454,22,2,2,1
11455,22,2,2,2
11456,22,2,2,1
11457,22,2,2,2
11458,22,2,2,1
11459,22,2,2,2
11460,22,2,2,1
11461,22,2,2,2
11462,22,2,2,1
11463,22,2,2,2
11464,22,2,2,1
11465,22,2,2,2
11466,22,2,2,1
11467,22,2,2,2
11468,22,2,2,1
11469,22,2,2,2
11470,22,2,2,1
11471,22,2,2,2
11472,22,2,2,1
11473,22,2,2,2
11474,22,2,2,1
11475,22,2,2,2
11476,22,2,2,1
11477,22,2,2,2
11478,22,2,2,1
11479,22,2,2,2
11480,22,2,2,1
11481,22,2,2,2
11482,22,2,2,1
11483,22,2,2,2
11484,22,2,2,1
11485,22,2,2,2
11486,22,2,2,1
11487,22,2,2,2
11488,22,2,2,1
11489,22,2,2,2
11490,22,2,2,1
11491,22,2,2,2
11492,22,2,2,1
11493,22,2,2,2
11494,22,2,2,1
11495,22,2,2,2
11496,22,2,2,1
11497,22,2,2,2
11498,22,2,2,1
11499,22,2,2,2
11500,22,2,2,1
11501,22,2,2,2
11502,22,2,2,1
11503,22,2,2,2
11504,22,2,2,1
11505,22,2,2,2
11506,22,2,2,1
11507,22,2,2,2
11508,22,2,2,1
11509,22,2,2,2
11510,22,2,2,1
11511,22,2,2,2
11512,22,2,2,1
11513,22,2,2,2
11514,22,2,2,1
11515,22,2,2,2
11516,22,2,2,1
11517,22,2,2,2
11518,22,2,2,1
11519,22,2,2,2
11520,22,2,2,1
11521,22,2,2,2
11522,22,2,2,1
11523,22,2,2,2
11524,22,2,2,1
11525,22,2,2,2
11526,22,2,2,1
11527,22,2,2,2
11528,22,2,2,1
11529,22,2,2,2
11530,22,2,2,1
11531,22,2,2,2
11532,22,2,2,1
11533,22,2,2,2
11534,22,2,2,1
11535,22,2,2,2
11536,22,2,2,1
11537,22,2,2,2
11538,22,2,2,1
11539,22,2,2,2
11540,23,1,1,1
11541,23,1,1,2
11542,23,1,1,1
11543,23,1,1,2
11544,23,1,1,1
11545,23,1,1,2
11546,23,1,1,1
11547,23,1,1,2
11548,23,1,1,1
11549,23,1,1,2
11550,23,1,1,1
11551,23,1,1,2
11552,23,1,1,1
11553,23,1,1,2
11554,23,1,1,1
11555,23,1,1,2
11556,23,1,1,1
11557,23,1,1,2
11558,23,1,1,1
11559,23,1,1,2
11560,23,1,1,1
11561,23,1,1,2
11562,23,1,1,1
11563,23,1,1,2
11564,23,1,1,1
11565,23,1,1,2
11566,23,1,1,1
11567,23,1,1,2
11568,23,1,1,1
11569,23,1,1,2
11570,23,1,1,1
11571,23,1,1,2
11572,23,1,1,1
11573,23,1,1,2
11574,23,1,1,1
11575,23,1,1,2
11576,23,1,1,1
11577,23,1,1,2
11578,23,1,1,1
11579,23,1,1,2
11580,23,1,1,1
11581,23,1,1,2
11582,23,1,1,1
11583,23,1,1,2
11584,23,1,1,1
11585,23,1,1,2
11586,23,1,1,1
11587,23,1,1,2
11588,23,1,1,1
11589,23,1,1,2
11590,23,1,1,1
11591,23,1,1,2
11592,23,1,1,1
11593,23,1,1,2
11594,23,1,1,1
11595,23,1,1,2
11596,23,1,1,1
11597,23,1,1,2
11598,23,1,1,1
11599,23,1,1,2
11600,23,1,1,1
11601,23,1,1,2
11602,23,1,1,1
11603,23,1,1,2
11604,23,1,1,1
11605,23,1,1,2
11606,23,1,1,1
11607,23,1,1,2
11608,23,1,1,1
11609,23,1,1,2
11610,23,1,1,1
11611,23,1,1,2
11612,23,1,1,1
11613,23,1,1,2
11614,23,1,1,1
11615,23,1,1,2
11616,23,1,1,1
11617,23,1,1,2
11618,23,1,1,1
11619,23,1,1,2
11620,23,1,1,1
11621,23,1,1,2
11622,23,1,1,1
11623,23,1,1,2
11624,23,1,1,1
11625,23,1,1,2
11626,23,1,1,1
11627,23,1,1,2
11628,23,1,1,1
11629,23,1,1,2
11630,23,1,1,1
11631,23,1,1,2
11632,23,1,1,1
11633,23,1,1,2
11634,23,1,1,1
11635,23,1,1,2
11636,23,1,1,1
11637,23,1,1,2
11638,23,1,1,1
11639,23,1,1,2
11640,23,1,1,1
11641,23,1,1,2
11642,23,1,1,1
11643,23,1,1,2
11644,23,1,1,1
11645,23,1,1,2
11646,23,1,1,1
11647,23,1,1,2
11648,23,1,1,1
11649,23,1,1,2
11650,23,1,1,1
11651,23,1,1,2
11652,23,1,1,1
11653,23,1,1,2
11654,23,1,1,1
11655,23,1,1,2
11656,23,1,1,1
11657,23,1,1,2
11658,23,1,1,1
11659,23,1,1,2
11660,23,1,1,1
11661,23,1,1,2
11662,23,1,1,1
11663,23,1,1,2
11664,23,2,1,1
11665,23,2,1,2
11666,23,2,1,1
11667,23,2,1,2
11668,23,2,1,1
11669,23,2,1,2
11670,23,2,1,1
11671,23,2,1,2
11672,23,2,1,1
11673,23,2,1,2
11674,23,2,1,1
11675,23,2,1,2
11676,23,2,1,1
11677,23,2,1,2
11678,23,2,1,1
11679,23,2,1,2
11680,23,2,1,1
11681,23,2,1,2
11682,23,2,1,1
11683,23,2,1,2
11684,23,2,1,1
11685,23,2,1,2
11686,23,2,1,1
11687,23,2,1,2
11688,23,2,1,1
11689,23,2,1,2
11690,23,2,1,1
11691,23,2,1,2
11692,23,2,1,1
11693,23,2,1,2
11694,23,2,1,1
11695,23,2,1,2
11696,23,2,1,1
11697,23,2,1,2
11698,23,2,1,1
11699,23,2,1,2
11700,23,2,1,1
11701,23,2,1,2
11702,23,2,1,1
11703,23,2,1,2
11704,23,2,1,1
11705,23,2,1,2
11706,23,2,1,1
11707,23,2,1,2
11708,23,2,1,1
11709,23,2,1,2
11710,23,2,1,1
11711,23,2,1,2
11712,23,2,1,1
11713,23,2,1,2
11714,23,2,1,1
11715,23,2,1,2
11716,23,2,1,1
11717,23,2,1,2
11718,23,2,1,1
11719,23,2,1,2
11720,23,2,1,1
11721,23,2,1,2
11722,23,2,1,1
11723,23,2,1,2
11724,23,2,1,1
11725,23,2,1,2
11726,23,2,1,1
11727,23,2,1,2
11728,23,2,1,1
11729,23,2,1,2
11730,23,2,1,1
11731,23,2,1,2
11732,23,2,1,1
11733,23,2,1,2
11734,23,2,1,1
11735,23,2,1,2
11736,23,2,1,1
11737,23,2,1,2
11738,23,2,1,1
11739,23,2,1,2
11740,23,2,1,1
11741,23,2,1,2
11742,23,2,1,1
11743,23,2,1,2
11744,23,2,1,1
11745,23,2,1,2
11746,23,2,1,1
11747,23,2,1,2
11748,23,2,1,1
11749,23,2,1,2
11750,23,2,1,1
11751,23,2,1,2
11752,23,2,1,1
11753,23,2,1,2
11754,23,2,1,1
11755,23,2,1,2
11756,23,2,1,1
11757,23,2,1,2
11758,23,2,1,1
11759,23,2,1,2
11760,23,2,1,1
11761,23,2,1,2
11762,23,2,1,1
11763,23,2,1,2
11764,23,2,1,1
11765,23,2,1,2
11766,23,2,1,1
11767,23,2,1,2
11768,23,2,1,1
11769,23,2,1,2
11770,23,2,1,1
11771,23,2,1,2
11772,23,2,1,1
11773,23,2,1,2
11774,23,2,1,1
11775,23,2,1,2
11776,23,2,1,1
11777,23,2,1,2
11778,23,1,2,1
11779,23,1,2,2
11780,23,1,2,1
11781,23,1,2,2
11782,23,1,2,1
11783,23,1,2,2
11784,23,1,2,1
11785,23,1,2,2
11786,23,1,2,1
11787,23,1,2,2
11788,23,1,2,1
11789,23,1,2,2
11790,23,1,2,1
11791,23,1,2,2
11792,23,1,2,1
11793,23,1,2,2
11794,23,1,2,1
11795,23,1,2,2
11796,23,1,2,1
11797,23,1,2,2
11798,23,1,2,1
11799,23,1,2,2
11800,23,1,2,1
11801,23,1,2,2
11802,23,1,2,1
11803,23,1,2,2
11804,23,1,2,1
11805,23,1,2,2
11806,23,1,2,1
11807,23,1,2,2
11808,23,1,2,1
11809,23,1,2,2
11810,23,1,2,1
11811,23,1,2,2
11812,23,1,2,1
11813,23,1,2,2
11814,23,1,2,1
11815,23,1,2,2
11816,23,1,2,1
11817,23,1,2,2
11818,23,1,2,1
11819,23,1,2,2
11820,23,1,2,1
11821,23,1,2,2
11822,23,1,2,1
11823,23,1,2,2
11824,23,1,2,1
11825,23,1,2,2
11826,23,1,2,1
11827,23,1,2,2
11828,23,1,2,1
11829,23,1,2,2
11830,23,1,2,1
11831,23,1,2,2
11832,23,1,2,1
11833,23,1,2,2
11834,23,1,2,1
11835,23,1,2,2
11836,23,1,2,1
11837,23,1,2,2
11838,23,1,2,1
11839,23,1,2,2
11840,23,1,2,1
11841,23,1,2,2
11842,23,1,2,1
11843,23,1,2,2
11844,23,1,2,1
11845,23,1,2,2
11846,23,1,2,1
11847,23,1,2,2
11848,23,1,2,1
11849,23,1,2,2
11850,23,1,2,1
11851,23,1,2,2
11852,23,1,2,1
11853,23,1,2,2
11854,23,1,2,1
11855,23,1,2,2
11856,23,1,2,1
11857,23,1,2,2
11858,23,1,2,1
11859,23,1,2,2
11860,23,1,2,1
11861,23,1,2,2
11862,23,1,2,1
11863,23,1,2,2
11864,23,1,2,1
11865,23,1,2,2
11866,23,1,2,1
11867,23,1,2,2
11868,23,1,2,1
11869,23,1,2,2
11870,23,1,2,1
11871,23,1,2,2
11872,23,1,2,1
11873,23,1,2,2
11874,23,1,2,1
11875,23,1,2,2
11876,23,1,2,1
11877,23,1,2,2
11878,23,1,2,1
11879,23,1,2,2
11880,23,1,2,1
11881,23,1,2,2
11882,23,1,2,1
11883,23,1,2,2
11884,23,1,2,1
11885,23,1,2,2
11886,23,1,2,1
11887,23,1,2,2
11888,23,1,2,1
11889,23,1,2,2
11890,23,1,2,1
11891,23,1,2,2
11892,23,1,2,1
11893,23,1,2,2
11894,23,1,2,1
11895,23,1,2,2
11896,23,1,2,1
11897,23,1,2,2
11898,23,1,2,1
11899,23,1,2,2
11900,23,1,2,1
11901,23,1,2,2
11902,23,2,2,1
11903,23,2,2,2
11904,23,2,2,1
11905,23,2,2,2
11906,23,2,2,1
11907,23,2,2,2
11908,23,2,2,1
11909,23,2,2,2
11910,23,2,2,1
11911,23,2,2,2
11912,23,2,2,1
11913,23,2,2,2
11914,23,2,2,1
11915,23,2,2,2
11916,23,2,2,1
11917,23,2,2,2
11918,23,2,2,1
11919,23,2,2,2
11920,23,2,2,1
11921,23,2,2,2
11922,23,2,2,1
11923,23,2,2,2
11924,23,2,2,1
11925,23,2,2,2
11926,23,2,2,1
11927,23,2,2,2
11928,23,2,2,1
11929,23,2,2,2
11930,23,2,2,1
11931,23,2,2,2
11932,23,2,2,1
11933,23,2,2,2
11934,23,2,2,1
11935,23,2,2,2
11936,23,2,2,1
11937,23,2,2,2
11938,23,2,2,1
11939,23,2,2,2
11940,23,2,2,1
11941,23,2,2,2
11942,23,2,2,1
11943,23,2,2,2
11944,23,2,2,1
11945,23,2,2,2
11946,23,2,2,1
11947,23,2,2,2
11948,23,2,2,1
11949,23,2,2,2
11950,23,2,2,1
11951,23,2,2,2
11952,23,2,2,1
11953,23,2,2,2
11954,23,2,2,1
11955,23,2,2,2
11956,23,2,2,1
11957,23,2,2,2
11958,23,2,2,1
11959,23,2,2,2
11960,23,2,2,1
11961,23,2,2,2
11962,23,2,2,1
11963,23,2,2,2
11964,23,2,2,1
11965,23,2,2,2
11966,23,2,2,1
11967,23,2,2,2
11968,23,2,2,1
11969,23,2,2,2
11970,23,2,2,1
11971,23,2,2,2
11972,23,2,2,1
11973,23,2,2,2
11974,23,2,2,1
11975,23,2,2,2
11976,23,2,2,1
11977,23,2,2,2
11978,23,2,2,1
11979,23,2,2,2
11980,23,2,2,1
11981,23,2,2,2
11982,23,2,2,1
11983,23,2,2,2
11984,23,2,2,1
11985,23,2,2,2
11986,23,2,2,1
11987,23,2,2,2
11988,23,2,2,1
11989,23,2,2,2
11990,23,2,2,1
11991,23,2,2,2
11992,23,2,2,1
11993,23,2,2,2
11994,23,2,2,1
11995,23,2,2,2
11996,23,2,2,1
11997,23,2,2,2
11998,23,2,2,1
11999,23,2,2,2
12000,23,2,2,1
12001,23,2,2,2
12002,23,2,2,1
12003,23,2,2,2
12004,23,2,2,1
12005,23,2,2,2
12006,23,2,2,1
12007,23,2,2,2
12008,23,2,2,1
12009,23,2,2,2
12010,23,2,2,1
12011,23,2,2,2
12012,23,2,2,1
12013,23,2,2,2
12014,23,2,2,1
12015,23,2,2,2
12016,24,1,1,1
12017,24,1,1,2
12018,24,1,1,1
12019,24,1,1,2
12020,24,1,1,1
12021,24,1,1,2
12022,24,1,1,1
12023,24,1,1,2
12024,24,1,1,1
12025,24,1,1,2
12026,24,1,1,1
12027,24,1,1,2
12028,24,1,1,1
12029,24,1,1,2
12030,24,1,1,1
12031,24,1,1,2
12032,24,1,1,1
12033,24,1,1,2
12034,24,1,1,1
12035,24,1,1,2
12036,24,1,1,1
12037,24,1,1,2
12038,24,1,1,1
12039,24,1,1,2
12040,24,1,1,1
12041,24,1,1,2
12042,24,1,1,1
12043,24,1,1,2
12044,24,1,1,1
12045,24,1,1,2
12046,24,1,1,1
12047,24,1,1,2
12048,24,1,1,1
12049,24,1,1,2
12050,24,1,1,1
12051,24,1,1,2
12052,24,1,1,1
12053,24,1,1,2
12054,24,1,1,1
12055,24,1,1,2
12056,24,1,1,1
12057,24,1,1,2
12058,24,1,1,1
12059,24,1,1,2
12060,24,1,1,1
12061,24,1,1,2
12062,24,1,1,1
12063,24,1,1,2
12064,24,1,1,1
12065,24,1,1,2
12066,24,1,1,1
12067,24,1,1,2
12068,24,1,1,1
12069,24,1,1,2
12070,24,1,1,1
12071,24,1,1,2
12072,24,1,1,1
12073,24,1,1,2
12074,24,1,1,1
12075,24,1,1,2
12076,24,1,1,1
12077,24,1,1,2
12078,24,1,1,1
12079,24,1,1,2
12080,24,1,1,1
12081,24,1,1,2
12082,24,1,1,1
12083,24,1,1,2
12084,24,1,1,1
12085,24,1,1,2
12086,24,1,1,1
12087,24,1,1,2
12088,24,1,1,1
12089,24,1,1,2
12090,24,1,1,1
12091,24,1,1,2
12092,24,1,1,1
12093,24,1,1,2
12094,24,1,1,1
12095,24,1,1,2
12096,24,1,1,1
12097,24,1,1,2
12098,24,1,1,1
12099,24,1,1,2
12100,24,1,1,1
12101,24,1,1,2
12102,24,1,1,1
12103,24,1,1,2
12104,24,1,1,1
12105,24,1,1,2
12106,24,1,1,1
12107,24,1,1,2
12108,24,1,1,1
12109,24,1,1,2
12110,24,1,1,1
12111,24,1,1,2
12112,24,1,1,1
12113,24,1,1,2
12114,24,1,1,1
12115,24,1,1,2
12116,24,1,1,1
12117,24,1,1,2
12118,24,1,1,1
12119,24,1,1,2
12120,24,1,1,1
12121,24,1,1,2
12122,24,1,1,1
12123,24,1,1,2
12124,24,1,1,1
12125,24,1,1,2
12126,24,1,1,1
12127,24,1,1,2
12128,24,1,1,1
12129,24,1,1,2
12130,24,1,1,1
12131,24,1,1,2
12132,24,1,1,1
12133,24,1,1,2
12134,24,1,1,1
12135,24,1,1,2
12136,24,1,1,1
12137,24,1,1,2
12138,24,1,1,1
12139,24,1,1,2
12140,24,1,1,1
12141,24,1,1,2
12142,24,1,1,1
12143,24,1,1,2
12144,24,1,1,1
12145,24,1,1,2
12146,24,1,1,1
12147,24,1,1,2
12148,24,1,1,1
12149,24,1,1,2
12150,24,1,1,1
12151,24,1,1,2
12152,24,1,1,1
12153,24,1,1,2
12154,24,1,1,1
12155,24,1,1,2
12156,24,1,1,1
12157,24,1,1,2
12158,24,2,1,1
12159,24,2,1,2
12160,24,2,1,1
12161,24,2,1,2
12162,24,2,1,1
12163,24,2,1,2
12164,24,2,1,1
12165,24,2,1,2
12166,24,2,1,1
12167,24,2,1,2
12168,24,2,1,1
12169,24,2,1,2
12170,24,2,1,1
12171,24,2,1,2
12172,24,2,1,1
12173,24,2,1,2
12174,24,2,1,1
12175,24,2,1,2
12176,24,2,1,1
12177,24,2,1,2
12178,24,2,1,1
12179,24,2,1,2
12180,24,2,1,1
12181,24,2,1,2
12182,24,2,1,1
12183,24,2,1,2
12184,24,2,1,1
12185,24,2,1,2
12186,24,2,1,1
12187,24,2,1,2
12188,24,2,1,1
12189,24,2,1,2
12190,24,2,1,1
12191,24,2,1,2
12192,24,2,1,1
12193,24,2,1,2
12194,24,2,1,1
12195,24,2,1,2
12196,24,2,1,1
12197,24,2,1,2
12198,24,2,1,1
12199,24,2,1,2
12200,24,2,1,1
12201,24,2,1,2
12202,24,2,1,1
12203,24,2,1,2
12204,24,2,1,1
12205,24,2,1,2
12206,24,2,1,1
12207,24,2,1,2
12208,24,2,1,1
12209,24,2,1,2
12210,24,2,1,1
12211,24,2,1,2
12212,24,2,1,1
12213,24,2,1,2
12214,24,2,1,1
12215,24,2,1,2
12216,24,2,1,1
12217,24,2,1,2
12218,24,2,1,1
12219,24,2,1,2
12220,24,2,1,1
12221,24,2,1,2
12222,24,2,1,1
12223,24,2,1,2
12224,24,2,1,1
12225,24,2,1,2
12226,24,2,1,1
12227,24,2,1,2
12228,24,2,1,1
12229,24,2,1,2
12230,24,2,1,1
12231,24,2,1,2
12232,24,2,1,1
12233,24,2,1,2
12234,24,2,1,1
12235,24,2,1,2
12236,24,2,1,1
12237,24,2,1,2
12238,24,2,1,1
12239,24,2,1,2
12240,24,2,1,1
12241,24,2,1,2
12242,24,2,1,1
12243,24,2,1,2
12244,24,2,1,1
12245,24,2,1,2
12246,24,2,1,1
12247,24,2,1,2
12248,24,2,1,1
12249,24,2,1,2
12250,24,2,1,1
12251,24,2,1,2
12252,24,2,1,1
12253,24,2,1,2
12254,24,2,1,1
12255,24,2,1,2
12256,24,2,1,1
12257,24,2,1,2
12258,24,2,1,1
12259,24,2,1,2
12260,24,2,1,1
12261,24,2,1,2
12262,24,2,1,1
12263,24,2,1,2
12264,24,2,1,1
12265,24,2,1,2
12266,24,2,1,1
12267,24,2,1,2
12268,24,2,1,1
12269,24,2,1,2
12270,24,2,1,1
12271,24,2,1,2
12272,24,2,1,1
12273,24,2,1,2
12274,24,2,1,1
12275,24,2,1,2
12276,24,2,1,1
12277,24,2,1,2
12278,24,2,1,1
12279,24,2,1,2
12280,24,2,1,1
12281,24,2,1,2
12282,24,2,1,1
12283,24,2,1,2
12284,24,2,1,1
12285,24,2,1,2
12286,24,2,1,1
12287,24,2,1,2
12288,24,2,1,1
12289,24,2,1,2
12290,24,2,1,1
12291,24,2,1,2
12292,24,2,1,1
12293,24,2,1,2
12294,24,2,1,1
12295,24,2,1,2
12296,24,2,1,1
12297,24,2,1,2
12298,24,2,1,1
12299,24,2,1,2
12300,24,2,1,1
12301,24,2,1,2
12302,24,1,2,1
12303,24,1,2,2
12304,24,1,2,1
12305,24,1,2,2
12306,24,1,2,1
12307,24,1,2,2
12308,24,1,2,1
12309,24,1,2,2
12310,24,1,2,1
12311,24,1,2,2
12312,24,1,2,1
12313,24,1,2,2
12314,24,1,2,1
12315,24,1,2,2
12316,24,1,2,1
12317,24,1,2,2
12318,24,1,2,1
12319,24,1,2,2
12320,24,1,2,1
12321,24,1,2,2
12322,24,1,2,1
12323,24,1,2,2
12324,24,1,2,1
12325,24,1,2,2
12326,24,1,2,1
12327,24,1,2,2
12328,24,1,2,1
12329,24,1,2,2
12330,24,1,2,1
12331,24,1,2,2
12332,24,1,2,1
12333,24,1,2,2
12334,24,1,2,1
12335,24,1,2,2
12336,24,1,2,1
12337,24,1,2,2
12338,24,1,2,1
12339,24,1,2,2
12340,24,1,2,1
12341,24,1,2,2
12342,24,1,2,1
12343,24,1,2,2
12344,24,1,2,1
12345,24,1,2,2
12346,24,1,2,1
12347,24,1,2,2
12348,24,1,2,1
12349,24,1,2,2
12350,24,1,2,1
12351,24,1,2,2
12352,24,1,2,1
12353,24,1,2,2
12354,24,1,2,1
12355,24,1,2,2
12356,24,1,2,1
12357,24,1,2,2
12358,24,1,2,1
12359,24,1,2,2
12360,24,1,2,1
12361,24,1,2,2
12362,24,1,2,1
12363,24,1,2,2
12364,24,1,2,1
12365,24,1,2,2
12366,24,1,2,1
12367,24,1,2,2
12368,24,1,2,1
12369,24,1,2,2
12370,24,1,2,1
12371,24,1,2,2
12372,24,1,2,1
12373,24,1,2,2
12374,24,1,2,1
12375,24,1,2,2
12376,24,1,2,1
12377,24,1,2,2
12378,24,1,2,1
12379,24,1,2,2
12380,24,1,2,1
12381,24,1,2,2
12382,24,1,2,1
12383,24,1,2,2
12384,24,1,2,1
12385,24,1,2,2
12386,24,1,2,1
12387,24,1,2,2
12388,24,1,2,1
12389,24,1,2,2
12390,24,1,2,1
12391,24,1,2,2
12392,24,1,2,1
12393,24,1,2,2
12394,24,1,2,1
12395,24,1,2,2
12396,24,1,2,1
12397,24,1,2,2
12398,24,1,2,1
12399,24,1,2,2
12400,24,1,2,1
12401,24,1,2,2
12402,24,1,2,1
12403,24,1,2,2
12404,24,1,2,1
12405,24,1,2,2
12406,24,1,2,1
12407,24,1,2,2
12408,24,1,2,1
12409,24,1,2,2
12410,24,1,2,1
12411,24,1,2,2
12412,24,1,2,1
12413,24,1,2,2
12414,24,1,2,1
12415,24,1,2,2
12416,24,1,2,1
12417,24,1,2,2
12418,24,1,2,1
12419,24,1,2,2
12420,24,1,2,1
12421,24,1,2,2
12422,24,1,2,1
12423,24,1,2,2
12424,24,1,2,1
12425,24,1,2,2
12426,24,1,2,1
12427,24,1,2,2
12428,24,1,2,1
12429,24,1,2,2
12430,24,1,2,1
12431,24,1,2,2
12432,24,1,2,1
12433,24,1,2,2
12434,24,1,2,1
12435,24,1,2,2
12436,24,1,2,1
12437,24,1,2,2
12438,24,1,2,1
12439,24,1,2,2
12440,24,1,2,1
12441,24,1,2,2
12442,24,1,2,1
12443,24,1,2,2
12444,24,2,2,1
12445,24,2,2,2
12446,24,2,2,1
12447,24,2,2,2
12448,24,2,2,1
12449,24,2,2,2
12450,24,2,2,1
12451,24,2,2,2
12452,24,2,2,1
12453,24,2,2,2
12454,24,2,2,1
12455,24,2,2,2
12456,24,2,2,1
12457,24,2,2,2
12458,24,2,2,1
12459,24,2,2,2
12460,24,2,2,1
12461,24,2,2,2
12462,24,2,2,1
12463,24,2,2,2
12464,24,2,2,1
12465,24,2,2,2
12466,24,2,2,1
12467,24,2,2,2
12468,24,2,2,1
12469,24,2,2,2
12470,24,2,2,1
12471,24,2,2,2
12472,24,2,2,1
12473,24,2,2,2
12474,24,2,2,1
12475,24,2,2,2
12476,24,2,2,1
12477,24,2,2,2
12478,24,2,2,1
12479,24,2,2,2
12480,24,2,2,1
12481,24,2,2,2
12482,24,2,2,1
12483,24,2,2,2
12484,24,2,2,1
12485,24,2,2,2
12486,24,2,2,1
12487,24,2,2,2
12488,24,2,2,1
12489,24,2,2,2
12490,24,2,2,1
12491,24,2,2,2
12492,24,2,2,1
12493,24,2,2,2
12494,24,2,2,1
12495,24,2,2,2
12496,24,2,2,1
12497,24,2,2,2
12498,24,2,2,1
12499,24,2,2,2
12500,24,2,2,1
12501,24,2,2,2
12502,24,2,2,1
12503,24,2,2,2
12504,24,2,2,1
12505,24,2,2,2
12506,24,2,2,1
12507,24,2,2,2
12508,24,2,2,1
12509,24,2,2,2
12510,24,2,2,1
12511,24,2,2,2
12512,24,2,2,1
12513,24,2,2,2
12514,24,2,2,1
12515,24,2,2,2
12516,24,2,2,1
12517,24,2,2,2
12518,24,2,2,1
12519,24,2,2,2
12520,24,2,2,1
12521,24,2,2,2
12522,24,2,2,1
12523,24,2,2,2
12524,24,2,2,1
12525,24,2,2,2
12526,24,2,2,1
12527,24,2,2,2
12528,24,2,2,1
12529,24,2,2,2
12530,24,2,2,1
12531,24,2,2,2
12532,24,2,2,1
12533,24,2,2,2
12534,24,2,2,1
12535,24,2,2,2
12536,24,2,2,1
12537,24,2,2,2
12538,24,2,2,1
12539,24,2,2,2
12540,24,2,2,1
12541,24,2,2,2
12542,24,2,2,1
12543,24,2,2,2
12544,24,2,2,1
12545,24,2,2,2
12546,24,2,2,1
12547,24,2,2,2
12548,24,2,2,1
12549,24,2,2,2
12550,24,2,2,1
12551,24,2,2,2
12552,24,2,2,1
12553,24,2,2,2
12554,24,2,2,1
12555,24,2,2,2
12556,24,2,2,1
12557,24,2,2,2
12558,24,2,2,1
12559,24,2,2,2
12560,24,2,2,1
12561,24,2,2,2
12562,24,2,2,1
12563,24,2,2,2
12564,24,2,2,1
12565,24,2,2,2
12566,24,2,2,1
12567,24,2,2,2
12568,24,2,2,1
12569,24,2,2,2
12570,24,2,2,1
12571,24,2,2,2
12572,24,2,2,1
12573,24,2,2,2
12574,24,2,2,1
12575,24,2,2,2
12576,24,2,2,1
12577,24,2,2,2
12578,24,2,2,1
12579,24,2,2,2
12580,24,2,2,1
12581,24,2,2,2
12582,24,2,2,1
12583,24,2,2,2
12584,24,2,2,1
12585,24,2,2,2
12586,24,2,2,1
12587,24,2,2,2
12588,25,1,1,1
12589,25,1,1,2
12590,25,1,1,1
12591,25,1,1,2
12592,25,1,1,1
12593,25,1,1,2
12594,25,1,1,1
12595,25,1,1,2
12596,25,1,1,1
12597,25,1,1,2
12598,25,1,1,1
12599,25,1,1,2
12600,25,1,1,1
12601,25,1,1,2
12602,25,1,1,1
12603,25,1,1,2
12604,25,1,1,1
12605,25,1,1,2
12606,25,1,1,1
12607,25,1,1,2
12608,25,1,1,1
12609,25,1,1,2
12610,25,1,1,1
12611,25,1,1,2
12612,25,1,1,1
12613,25,1,1,2
12614,25,1,1,1
12615,25,1,1,2
12616,25,1,1,1
12617,25,1,1,2
12618,25,1,1,1
12619,25,1,1,2
12620,25,1,1,1
12621,25,1,1,2
12622,25,1,1,1
12623,25,1,1,2
12624,25,1,1,1
12625,25,1,1,2
12626,25,1,1,1
12627,25,1,1,2
12628,25,1,1,1
12629,25,1,1,2
12630,25,1,1,1
12631,25,1,1,2
12632,25,1,1,1
12633,25,1,1,2
12634,25,1,1,1
12635,25,1,1,2
12636,25,1,1,1
12637,25,1,1,2
12638,25,1,1,1
12639,25,1,1,2
12640,25,1,1,1
12641,25,1,1,2
12642,25,1,1,1
12643,25,1,1,2
12644,25,1,1,1
12645,25,1,1,2
12646,25,1,1,1
12647,25,1,1,2
12648,25,1,1,1
12649,25,1,1,2
12650,25,1,1,1
12651,25,1,1,2
12652,25,1,1,1
12653,25,1,1,2
12654,25,1,1,1
12655,25,1,1,2
12656,25,1,1,1
12657,25,1,1,2
12658,25,1,1,1
12659,25,1,1,2
12660,25,1,1,1
12661,25,1,1,2
12662,25,1,1,1
12663,25,1,1,2
12664,25,1,1,1
12665,25,1,1,2
12666,25,1,1,1
12667,25,1,1,2
12668,25,1,1,1
12669,25,1,1,2
12670,25,1,1,1
12671,25,1,1,2
12672,25,1,1,1
12673,25,1,1,2
12674,25,1,1,1
12675,25,1,1,2
12676,25,1,1,1
12677,25,1,1,2
12678,25,1,1,1
12679,25,1,1,2
12680,25,1,1,1
12681,25,1,1,2
12682,25,1,1,1
12683,25,1,1,2
12684,25,1,1,1
12685,25,1,1,2
12686,25,1,1,1
12687,25,1,1,2
12688,25,1,1,1
12689,25,1,1,2
12690,25,1,1,1
12691,25,1,1,2
12692,25,1,1,1
12693,25,1,1,2
12694,25,1,1,1
12695,25,1,1,2
12696,25,1,1,1
12697,25,1,1,2
12698,25,1,1,1
12699,25,1,1,2
12700,25,1,1,1
12701,25,1,1,2
12702,25,1,1,1
12703,25,1,1,2
12704,25,1,1,1
12705,25,1,1,2
12706,25,1,1,1
12707,25,1,1,2
12708,25,1,1,1
12709,25,1,1,2
12710,25,1,1,1
12711,25,1,1,2
12712,25,1,1,1
12713,25,1,1,2
12714,25,1,1,1
12715,25,1,1,2
12716,25,1,1,1
12717,25,1,1,2
12718,25,1,1,1
12719,25,1,1,2
12720,25,1,1,1
12721,25,1,1,2
12722,25,1,1,1
12723,25,1,1,2
12724,25,1,1,1
12725,25,1,1,2
12726,25,1,1,1
12727,25,1,1,2
12728,25,1,1,1
12729,25,1,1,2
12730,25,1,1,1
12731,25,1,1,2
12732,25,2,1,1
12733,25,2,1,2
12734,25,2,1,1
12735,25,2,1,2
12736,25,2,1,1
12737,25,2,1,2
12738,25,2,1,1
12739,25,2,1,2
12740,25,2,1,1
12741,25,2,1,2
12742,25,2,1,1
12743,25,2,1,2
12744,25,2,1,1
12745,25,2,1,2
12746,25,2,1,1
12747,25,2,1,2
12748,25,2,1,1
12749,25,2,1,2
12750,25,2,1,1
12751,25,2,1,2
12752,25,2,1,1
12753,25,2,1,2
12754,25,2,1,1
12755,25,2,1,2
12756,25,2,1,1
12757,25,2,1,2
12758,25,2,1,1
12759,25,2,1,2
12760,25,2,1,1
12761,25,2,1,2
12762,25,2,1,1
12763,25,2,1,2
12764,25,2,1,1
12765,25,2,1,2
12766,25,2,1,1
12767,25,2,1,2
12768,25,2,1,1
12769,25,2,1,2
12770,25,2,1,1
12771,25,2,1,2
12772,25,2,1,1
12773,25,2,1,2
12774,25,2,1,1
12775,25,2,1,2
12776,25,2,1,1
12777,25,2,1,2
12778,25,2,1,1
12779,25,2,1,2
12780,25,2,1,1
12781,25,2,1,2
12782,25,2,1,1
12783,25,2,1,2
12784,25,2,1,1
12785,25,2,1,2
12786,25,2,1,1
12787,25,2,1,2
12788,25,2,1,1
12789,25,2,1,2
12790,25,2,1,1
12791,25,2,1,2
12792,25,2,1,1
12793,25,2,1,2
12794,25,2,1,1
12795,25,2,1,2
12796,25,2,1,1
12797,25,2,1,2
12798,25,2,1,1
12799,25,2,1,2
12800,25,2,1,1
12801,25,2,1,2
12802,25,2,1,1
12803,25,2,1,2
12804,25,2,1,1
12805,25,2,1,2
12806,25,2,1,1
12807,25,2,1,2
12808,25,2,1,1
12809,25,2,1,2
12810,25,2,1,1
12811,25,2,1,2
12812,25,2,1,1
12813,25,2,1,2
12814,25,2,1,1
12815,25,2,1,2
12816,25,2,1,1
12817,25,2,1,2
12818,25,2,1,1
12819,25,2,1,2
12820,25,2,1,1
12821,25,2,1,2
12822,25,2,1,1
12823,25,2,1,2
12824,25,2,1,1
12825,25,2,1,2
12826,25,2,1,1
12827,25,2,1,2
12828,25,2,1,1
12829,25,2,1,2
12830,25,2,1,1
12831,25,2,1,2
12832,25,2,1,1
12833,25,2,1,2
12834,25,2,1,1
12835,25,2,1,2
12836,25,2,1,1
12837,25,2,1,2
12838,25,2,1,1
12839,25,2,1,2
12840,25,2,1,1
12841,25,2,1,2
12842,25,2,1,1
12843,25,2,1,2
12844,25,2,1,1
12845,25,2,1,2
12846,25,2,1,1
12847,25,2,1,2
12848,25,2,1,1
12849,25,2,1,2
12850,25,2,1,1
12851,25,2,1,2
12852,25,2,1,1
12853,25,2,1,2
12854,25,2,1,1
12855,25,2,1,2
12856,25,2,1,1
12857,25,2,1,2
12858,25,2,1,1
12859,25,2,1,2
12860,25,2,1,1
12861,25,2,1,2
12862,25,2,1,1
12863,25,2,1,2
12864,25,2,1,1
12865,25,2,1,2
12866,25,2,1,1
12867,25,2,1,2
12868,25,2,1,1
12869,25,2,1,2
12870,25,2,1,1
12871,25,2,1,2
12872,25,2,1,1
12873,25,2,1,2
12874,25,2,1,1
12875,25,2,1,2
12876,25,1,2,1
12877,25,1,2,2
12878,25,1,2,1
12879,25,1,2,2
12880,25,1,2,1
12881,25,1,2,2
12882,25,1,2,1
12883,25,1,2,2
12884,25,1,2,1
12885,25,1,2,2
12886,25,1,2,1
12887,25,1,2,2
12888,25,1,2,1
12889,25,1,2,2
12890,25,1,2,1
12891,25,1,2,2
12892,25,1,2,1
12893,25,1,2,2
12894,25,1,2,1
12895,25,1,2,2
12896,25,1,2,1
12897,25,1,2,2
12898,25,1,2,1
12899,25,1,2,2
12900,25,1,2,1
12901,25,1,2,2
12902,25,1,2,1
12903,25,1,2,2
12904,25,1,2,1
12905,25,1,2,2
12906,25,1,2,1
12907,25,1,2,2
12908,25,1,2,1
12909,25,1,2,2
12910,25,1,2,1
12911,25,1,2,2
12912,25,1,2,1
12913,25,1,2,2
12914,25,1,2,1
12915,25,1,2,2
12916,25,1,2,1
12917,25,1,2,2
12918,25,1,2,1
12919,25,1,2,2
12920,25,1,2,1
12921,25,1,2,2
12922,25,1,2,1
12923,25,1,2,2
12924,25,1,2,1
12925,25,1,2,2
12926,25,1,2,1
12927,25,1,2,2
12928,25,1,2,1
12929,25,1,2,2
12930,25,1,2,1
12931,25,1,2,2
12932,25,1,2,1
12933,25,1,2,2
12934,25,1,2,1
12935,25,1,2,2
12936,25,1,2,1
12937,25,1,2,2
12938,25,1,2,1
12939,25,1,2,2
12940,25,1,2,1
12941,25,1,2,2
12942,25,1,2,1
12943,25,1,2,2
12944,25,1,2,1
12945,25,1,2,2
12946,25,1,2,1
12947,25,1,2,2
12948,25,1,2,1
12949,25,1,2,2
12950,25,1,2,1
12951,25,1,2,2
12952,25,1,2,1
12953,25,1,2,2
12954,25,1,2,1
12955,25,1,2,2
12956,25,1,2,1
12957,25,1,2,2
12958,25,1,2,1
12959,25,1,2,2
12960,25,1,2,1
12961,25,1,2,2
12962,25,1,2,1
12963,25,1,2,2
12964,25,1,2,1
12965,25,1,2,2
12966,25,1,2,1
12967,25,1,2,2
12968,25,1,2,1
12969,25,1,2,2
12970,25,1,2,1
12971,25,1,2,2
12972,25,1,2,1
12973,25,1,2,2
12974,25,1,2,1
12975,25,1,2,2
12976,25,1,2,1
12977,25,1,2,2
12978,25,1,2,1
12979,25,1,2,2
12980,25,1,2,1
12981,25,1,2,2
12982,25,1,2,1
12983,25,1,2,2
12984,25,1,2,1
12985,25,1,2,2
12986,25,1,2,1
12987,25,1,2,2
12988,25,1,2,1
12989,25,1,2,2
12990,25,1,2,1
12991,25,1,2,2
12992,25,1,2,1
12993,25,1,2,2
12994,25,1,2,1
12995,25,1,2,2
12996,25,1,2,1
12997,25,1,2,2
12998,25,1,2,1
12999,25,1,2,2
13000,25,1,2,1
13001,25,1,2,2
13002,25,1,2,1
13003,25,1,2,2
13004,25,1,2,1
13005,25,1,2,2
13006,25,1,2,1
13007,25,1,2,2
13008,25,1,2,1
13009,25,1,2,2
13010,25,1,2,1
13011,25,1,2,2
13012,25,1,2,1
13013,25,1,2,2
13014,25,1,2,1
13015,25,1,2,2
13016,25,1,2,1
13017,25,1,2,2
13018,25,1,2,1
13019,25,1,2,2
13020,25,2,2,1
13021,25,2,2,2
13022,25,2,2,1
13023,25,2,2,2
13024,25,2,2,1
13025,25,2,2,2
13026,25,2,2,1
13027,25,2,2,2
13028,25,2,2,1
13029,25,2,2,2
13030,25,2,2,1
13031,25,2,2,2
13032,25,2,2,1
13033,25,2,2,2
13034,25,2,2,1
13035,25,2,2,2
13036,25,2,2,1
13037,25,2,2,2
13038,25,2,2,1
13039,25,2,2,2
13040,25,2,2,1
13041,25,2,2,2
13042,25,2,2,1
13043,25,2,2,2
13044,25,2,2,1
13045,25,2,2,2
13046,25,2,2,1
13047,25,2,2,2
13048,25,2,2,1
13049,25,2,2,2
13050,25,2,2,1
13051,25,2,2,2
13052,25,2,2,1
13053,25,2,2,2
13054,25,2,2,1
13055,25,2,2,2
13056,25,2,2,1
13057,25,2,2,2
13058,25,2,2,1
13059,25,2,2,2
13060,25,2,2,1
13061,25,2,2,2
13062,25,2,2,1
13063,25,2,2,2
13064,25,2,2,1
13065,25,2,2,2
13066,25,2,2,1
13067,25,2,2,2
13068,25,2,2,1
13069,25,2,2,2
13070,25,2,2,1
13071,25,2,2,2
13072,25,2,2,1
13073,25,2,2,2
13074,25,2,2,1
13075,25,2,2,2
13076,25,2,2,1
13077,25,2,2,2
13078,25,2,2,1
13079,25,2,2,2
13080,25,2,2,1
13081,25,2,2,2
13082,25,2,2,1
13083,25,2,2,2
13084,25,2,2,1
13085,25,2,2,2
13086,25,2,2,1
13087,25,2,2,2
13088,25,2,2,1
13089,25,2,2,2
13090,25,2,2,1
13091,25,2,2,2
13092,25,2,2,1
13093,25,2,2,2
13094,25,2,2,1
13095,25,2,2,2
13096,25,2,2,1
13097,25,2,2,2
13098,25,2,2,1
13099,25,2,2,2
13100,25,2,2,1
13101,25,2,2,2
13102,25,2,2,1
13103,25,2,2,2
13104,25,2,2,1
13105,25,2,2,2
13106,25,2,2,1
13107,25,2,2,2
13108,25,2,2,1
13109,25,2,2,2
13110,25,2,2,1
13111,25,2,2,2
13112,25,2,2,1
13113,25,2,2,2
13114,25,2,2,1
13115,25,2,2,2
13116,25,2,2,1
13117,25,2,2,2
13118,25,2,2,1
13119,25,2,2,2
13120,25,2,2,1
13121,25,2,2,2
13122,25,2,2,1
13123,25,2,2,2
13124,25,2,2,1
13125,25,2,2,2
13126,25,2,2,1
13127,25,2,2,2
13128,25,2,2,1
13129,25,2,2,2
13130,25,2,2,1
13131,25,2,2,2
13132,25,2,2,1
13133,25,2,2,2
13134,25,2,2,1
13135,25,2,2,2
13136,25,2,2,1
13137,25,2,2,2
13138,25,2,2,1
13139,25,2,2,2
13140,25,2,2,1
13141,25,2,2,2
13142,25,2,2,1
13143,25,2,2,2
13144,25,2,2,1
13145,25,2,2,2
13146,25,2,2,1
13147,25,2,2,2
13148,25,2,2,1
13149,25,2,2,2
13150,25,2,2,1
13151,25,2,2,2
13152,25,2,2,1
13153,25,2,2,2
13154,25,2,2,1
13155,25,2,2,2
13156,25,2,2,1
13157,25,2,2,2
13158,25,2,2,1
13159,25,2,2,2
13160,25,2,2,1
13161,25,2,2,2
13162,25,2,2,1
13163,25,2,2,2
13164,26,1,1,1
13165,26,1,1,2
13166,26,1,1,1
13167,26,1,1,2
13168,26,1,1,1
13169,26,1,1,2
13170,26,1,1,1
13171,26,1,1,2
13172,26,1,1,1
13173,26,1,1,2
13174,26,1,1,1
13175,26,1,1,2
13176,26,1,1,1
13177,26,1,1,2
13178,26,1,1,1
13179,26,1,1,2
13180,26,1,1,1
13181,26,1,1,2
13182,26,1,1,1
13183,26,1,1,2
13184,26,1,1,1
13185,26,1,1,2
13186,26,1,1,1
13187,26,1,1,2
13188,26,1,1,1
13189,26,1,1,2
13190,26,1,1,1
13191,26,1,1,2
13192,26,1,1,1
13193,26,1,1,2
13194,26,1,1,1
13195,26,1,1,2
13196,26,1,1,1
13197,26,1,1,2
13198,26,1,1,1
13199,26,1,1,2
13200,26,1,1,1
13201,26,1,1,2
13202,26,1,1,1
13203,26,1,1,2
13204,26,1,1,1
13205,26,1,1,2
13206,26,1,1,1
13207,26,1,1,2
13208,26,1,1,1
13209,26,1,1,2
13210,26,1,1,1
13211,26,1,1,2
13212,26,1,1,1
13213,26,1,1,2
13214,26,1,1,1
13215,26,1,1,2
13216,26,1,1,1
13217,26,1,1,2
13218,26,1,1,1
13219,26,1,1,2
13220,26,1,1,1
13221,26,1,1,2
13222,26,1,1,1
13223,26,1,1,2
13224,26,1,1,1
13225,26,1,1,2
13226,26,1,1,1
13227,26,1,1,2
13228,26,1,1,1
13229,26,1,1,2
13230,26,1,1,1
13231,26,1,1,2
13232,26,1,1,1
13233,26,1,1,2
13234,26,1,1,1
13235,26,1,1,2
13236,26,1,1,1
13237,26,1,1,2
13238,26,1,1,1
13239,26,1,1,2
13240,26,1,1,1
13241,26,1,1,2
13242,26,1,1,1
13243,26,1,1,2
13244,26,1,1,1
13245,26,1,1,2
13246,26,1,1,1
13247,26,1,1,2
13248,26,1,1,1
13249,26,1,1,2
13250,26,1,1,1
13251,26,1,1,2
13252,26,1,1,1
13253,26,1,1,2
13254,26,1,1,1
13255,26,1,1,2
13256,26,1,1,1
13257,26,1,1,2
13258,26,1,1,1
13259,26,1,1,2
13260,26,1,1,1
13261,26,1,1,2
13262,26,1,1,1
13263,26,1,1,2
13264,26,1,1,1
13265,26,1,1,2
13266,26,1,1,1
13267,26,1,1,2
13268,26,1,1,1
13269,26,1,1,2
13270,26,1,1,1
13271,26,1,1,2
13272,26,1,1,1
13273,26,1,1,2
13274,26,1,1,1
13275,26,1,1,2
13276,26,1,1,1
13277,26,1,1,2
13278,26,1,1,1
13279,26,1,1,2
13280,26,1,1,1
13281,26,1,1,2
13282,26,1,1,1
13283,26,1,1,2
13284,26,1,1,1
13285,26,1,1,2
13286,26,1,1,1
13287,26,1,1,2
13288,26,1,1,1
13289,26,1,1,2
13290,26,1,1,1
13291,26,1,1,2
13292,26,1,1,1
13293,26,1,1,2
13294,26,1,1,1
13295,26,1,1,2
13296,26,1,1,1
13297,26,1,1,2
13298,26,1,1,1
13299,26,1,1,2
13300,26,1,1,1
13301,26,1,1,2
13302,26,1,1,1
13303,26,1,1,2
13304,26,1,1,1
13305,26,1,1,2
13306,26,1,1,1
13307,26,1,1,2
13308,26,1,1,1
13309,26,1,1,2
13310,26,2,1,1
13311,26,2,1,2
13312,26,2,1,1
13313,26,2,1,2
13314,26,2,1,1
13315,26,2,1,2
13316,26,2,1,1
13317,26,2,1,2
13318,26,2,1,1
13319,26,2,1,2
13320,26,2,1,1
13321,26,2,1,2
13322,26,2,1,1
13323,26,2,1,2
13324,26,2,1,1
13325,26,2,1,2
13326,26,2,1,1
13327,26,2,1,2
13328,26,2,1,1
13329,26,2,1,2
13330,26,2,1,1
13331,26,2,1,2
13332,26,2,1,1
13333,26,2,1,2
13334,26,2,1,1
13335,26,2,1,2
13336,26,2,1,1
13337,26,2,1,2
13338,26,2,1,1
13339,26,2,1,2
13340,26,2,1,1
13341,26,2,1,2
13342,26,2,1,1
13343,26,2,1,2
13344,26,2,1,1
13345,26,2,1,2
13346,26,2,1,1
13347,26,2,1,2
13348,26,2,1,1
13349,26,2,1,2
13350,26,2,1,1
13351,26,2,1,2
13352,26,2,1,1
13353,26,2,1,2
13354,26,2,1,1
13355,26,2,1,2
13356,26,2,1,1
13357,26,2,1,2
13358,26,2,1,1
13359,26,2,1,2
13360,26,2,1,1
13361,26,2,1,2
13362,26,2,1,1
13363,26,2,1,2
13364,26,2,1,1
13365,26,2,1,2
13366,26,2,1,1
13367,26,2,1,2
13368,26,2,1,1
13369,26,2,1,2
13370,26,2,1,1
13371,26,2,1,2
13372,26,2,1,1
13373,26,2,1,2
13374,26,2,1,1
13375,26,2,1,2
13376,26,2,1,1
13377,26,2,1,2
13378,26,2,1,1
13379,26,2,1,2
13380,26,2,1,1
13381,26,2,1,2
13382,26,2,1,1
13383,26,2,1,2
13384,26,2,1,1
13385,26,2,1,2
13386,26,2,1,1
13387,26,2,1,2
13388,26,2,1,1
13389,26,2,1,2
13390,26,2,1,1
13391,26,2,1,2
13392,26,2,1,1
13393,26,2,1,2
13394,26,2,1,1
13395,26,2,1,2
13396,26,2,1,1
13397,26,2,1,2
13398,26,2,1,1
13399,26,2,1,2
13400,26,2,1,1
13401,26,2,1,2
13402,26,2,1,1
13403,26,2,1,2
13404,26,2,1,1
13405,26,2,1,2
13406,26,2,1,1
13407,26,2,1,2
13408,26,2,1,1
13409,26,2,1,2
13410,26,2,1,1
13411,26,2,1,2
13412,26,2,1,1
13413,26,2,1,2
13414,26,2,1,1
13415,26,2,1,2
13416,26,2,1,1
13417,26,2,1,2
13418,26,2,1,1
13419,26,2,1,2
13420,26,2,1,1
13421,26,2,1,2
13422,26,2,1,1
13423,26,2,1,2
13424,26,2,1,1
13425,26,2,1,2
13426,26,2,1,1
13427,26,2,1,2
13428,26,2,1,1
13429,26,2,1,2
13430,26,2,1,1
13431,26,2,1,2
13432,26,2,1,1
13433,26,2,1,2
13434,26,2,1,1
13435,26,2,1,2
13436,26,2,1,1
13437,26,2,1,2
13438,26,2,1,1
13439,26,2,1,2
13440,26,2,1,1
13441,26,2,1,2
13442,26,2,1,1
13443,26,2,1,2
13444,26,2,1,1
13445,26,2,1,2
13446,26,2,1,1
13447,26,2,1,2
13448,26,2,1,1
13449,26,2,1,2
13450,26,2,1,1
13451,26,2,1,2
13452,26,2,1,1
13453,26,2,1,2
13454,26,1,2,1
13455,26,1,2,2
13456,26,1,2,1
13457,26,1,2,2
13458,26,1,2,1
13459,26,1,2,2
13460,26,1,2,1
13461,26,1,2,2
13462,26,1,2,1
13463,26,1,2,2
13464,26,1,2,1
13465,26,1,2,2
13466,26,1,2,1
13467,26,1,2,2
13468,26,1,2,1
13469,26,1,2,2
13470,26,1,2,1
13471,26,1,2,2
13472,26,1,2,1
13473,26,1,2,2
13474,26,1,2,1
13475,26,1,2,2
13476,26,1,2,1
13477,26,1,2,2
13478,26,1,2,1
13479,26,1,2,2
13480,26,1,2,1
13481,26,1,2,2
13482,26,1,2,1
13483,26,1,2,2
13484,26,1,2,1
13485,26,1,2,2
13486,26,1,2,1
13487,26,1,2,2
13488,26,1,2,1
13489,26,1,2,2
13490,26,1,2,1
13491,26,1,2,2
13492,26,1,2,1
13493,26,1,2,2
13494,26,1,2,1
13495,26,1,2,2
13496,26,1,2,1
13497,26,1,2,2
13498,26,1,2,1
13499,26,1,2,2
13500,26,1,2,1
13501,26,1,2,2
13502,26,1,2,1
13503,26,1,2,2
13504,26,1,2,1
13505,26,1,2,2
13506,26,1,2,1
13507,26,1,2,2
13508,26,1,2,1
13509,26,1,2,2
13510,26,1,2,1
13511,26,1,2,2
13512,26,1,2,1
13513,26,1,2,2
13514,26,1,2,1
13515,26,1,2,2
13516,26,1,2,1
13517,26,1,2,2
13518,26,1,2,1
13519,26,1,2,2
13520,26,1,2,1
13521,26,1,2,2
13522,26,1,2,1
13523,26,1,2,2
13524,26,1,2,1
13525,26,1,2,2
13526,26,1,2,1
13527,26,1,2,2
13528,26,1,2,1
13529,26,1,2,2
13530,26,1,2,1
13531,26,1,2,2
13532,26,1,2,1
13533,26,1,2,2
13534,26,1,2,1
13535,26,1,2,2
13536,26,1,2,1
13537,26,1,2,2
13538,26,1,2,1
13539,26,1,2,2
13540,26,1,2,1
13541,26,1,2,2
13542,26,1,2,1
13543,26,1,2,2
13544,26,1,2,1
13545,26,1,2,2
13546,26,1,2,1
13547,26,1,2,2
13548,26,1,2,1
13549,26,1,2,2
13550,26,1,2,1
13551,26,1,2,2
13552,26,1,2,1
13553,26,1,2,2
13554,26,1,2,1
13555,26,1,2,2
13556,26,1,2,1
13557,26,1,2,2
13558,26,1,2,1
13559,26,1,2,2
13560,26,1,2,1
13561,26,1,2,2
13562,26,1,2,1
13563,26,1,2,2
13564,26,1,2,1
13565,26,1,2,2
13566,26,1,2,1
13567,26,1,2,2
13568,26,1,2,1
13569,26,1,2,2
13570,26,1,2,1
13571,26,1,2,2
13572,26,1,2,1
13573,26,1,2,2
13574,26,1,2,1
13575,26,1,2,2
13576,26,1,2,1
13577,26,1,2,2
13578,26,1,2,1
13579,26,1,2,2
13580,26,1,2,1
13581,26,1,2,2
13582,26,1,2,1
13583,26,1,2,2
13584,26,1,2,1
13585,26,1,2,2
13586,26,1,2,1
13587,26,1,2,2
13588,26,1,2,1
13589,26,1,2,2
13590,26,1,2,1
13591,26,1,2,2
13592,26,1,2,1
13593,26,1,2,2
13594,26,1,2,1
13595,26,1,2,2
13596,26,1,2,1
13597,26,1,2,2
13598,26,1,2,1
13599,26,1,2,2
13600,26,2,2,1
13601,26,2,2,2
13602,26,2,2,1
13603,26,2,2,2
13604,26,2,2,1
13605,26,2,2,2
13606,26,2,2,1
13607,26,2,2,2
13608,26,2,2,1
13609,26,2,2,2
13610,26,2,2,1
13611,26,2,2,2
13612,26,2,2,1
13613,26,2,2,2
13614,26,2,2,1
13615,26,2,2,2
13616,26,2,2,1
13617,26,2,2,2
13618,26,2,2,1
13619,26,2,2,2
13620,26,2,2,1
13621,26,2,2,2
13622,26,2,2,1
13623,26,2,2,2
13624,26,2,2,1
13625,26,2,2,2
13626,26,2,2,1
13627,26,2,2,2
13628,26,2,2,1
13629,26,2,2,2
13630,26,2,2,1
13631,26,2,2,2
13632,26,2,2,1
13633,26,2,2,2
13634,26,2,2,1
13635,26,2,2,2
13636,26,2,2,1
13637,26,2,2,2
13638,26,2,2,1
13639,26,2,2,2
13640,26,2,2,1
13641,26,2,2,2
13642,26,2,2,1
13643,26,2,2,2
13644,26,2,2,1
13645,26,2,2,2
13646,26,2,2,1
13647,26,2,2,2
13648,26,2,2,1
13649,26,2,2,2
13650,26,2,2,1
13651,26,2,2,2
13652,26,2,2,1
13653,26,2,2,2
13654,26,2,2,1
13655,26,2,2,2
13656,26,2,2,1
13657,26,2,2,2
13658,26,2,2,1
13659,26,2,2,2
13660,26,2,2,1
13661,26,2,2,2
13662,26,2,2,1
13663,26,2,2,2
13664,26,2,2,1
13665,26,2,2,2
13666,26,2,2,1
13667,26,2,2,2
13668,26,2,2,1
13669,26,2,2,2
13670,26,2,2,1
13671,26,2,2,2
13672,26,2,2,1
13673,26,2,2,2
13674,26,2,2,1
13675,26,2,2,2
13676,26,2,2,1
13677,26,2,2,2
13678,26,2,2,1
13679,26,2,2,2
13680,26,2,2,1
13681,26,2,2,2
13682,26,2,2,1
13683,26,2,2,2
13684,26,2,2,1
13685,26,2,2,2
13686,26,2,2,1
13687,26,2,2,2
13688,26,2,2,1
13689,26,2,2,2
13690,26,2,2,1
13691,26,2,2,2
13692,26,2,2,1
13693,26,2,2,2
13694,26,2,2,1
13695,26,2,2,2
13696,26,2,2,1
13697,26,2,2,2
13698,26,2,2,1
13699,26,2,2,2
13700,26,2,2,1
13701,26,2,2,2
13702,26,2,2,1
13703,26,2,2,2
13704,26,2,2,1
13705,26,2,2,2
13706,26,2,2,1
13707,26,2,2,2
13708,26,2,2,1
13709,26,2,2,2
13710,26,2,2,1
13711,26,2,2,2
13712,26,2,2,1
13713,26,2,2,2
13714,26,2,2,1
13715,26,2,2,2
13716,26,2,2,1
13717,26,2,2,2
13718,26,2,2,1
13719,26,2,2,2
13720,26,2,2,1
13721,26,2,2,2
13722,26,2,2,1
13723,26,2,2,2
13724,26,2,2,1
13725,26,2,2,2
13726,26,2,2,1
13727,26,2,2,2
13728,26,2,2,1
13729,26,2,2,2
13730,26,2,2,1
13731,26,2,2,2
13732,26,2,2,1
13733,26,2,2,2
13734,26,2,2,1
13735,26,2,2,2
13736,26,2,2,1
13737,26,2,2,2
13738,26,2,2,1
13739,26,2,2,2
13740,26,2,2,1
13741,26,2,2,2
13742,26,2,2,1
13743,26,2,2,2
13744,27,1,1,1
13745,27,1,1,2
13746,27,1,1,1
13747,27,1,1,2
13748,27,1,1,1
13749,27,1,1,2
13750,27,1,1,1
13751,27,1,1,2
13752,27,1,1,1
13753,27,1,1,2
13754,27,1,1,1
13755,27,1,1,2
13756,27,1,1,1
13757,27,1,1,2
13758,27,1,1,1
13759,27,1,1,2
13760,27,1,1,1
13761,27,1,1,2
13762,27,1,1,1
13763,27,1,1,2
13764,27,1,1,1
13765,27,1,1,2
13766,27,1,1,1
13767,27,1,1,2
13768,27,1,1,1
13769,27,1,1,2
13770,27,1,1,1
13771,27,1,1,2
13772,27,1,1,1
13773,27,1,1,2
13774,27,1,1,1
13775,27,1,1,2
13776,27,1,1,1
13777,27,1,1,2
13778,27,1,1,1
13779,27,1,1,2
13780,27,1,1,1
13781,27,1,1,2
13782,27,1,1,1
13783,27,1,1,2
13784,27,1,1,1
13785,27,1,1,2
13786,27,1,1,1
13787,27,1,1,2
13788,27,1,1,1
13789,27,1,1,2
13790,27,1,1,1
13791,27,1,1,2
13792,27,1,1,1
13793,27,1,1,2
13794,27,1,1,1
13795,27,1,1,2
13796,27,1,1,1
13797,27,1,1,2
13798,27,1,1,1
13799,27,1,1,2
13800,27,1,1,1
13801,27,1,1,2
13802,27,1,1,1
13803,27,1,1,2
13804,27,1,1,1
13805,27,1,1,2
13806,27,1,1,1
13807,27,1,1,2
13808,27,1,1,1
13809,27,1,1,2
13810,27,1,1,1
13811,27,1,1,2
13812,27,1,1,1
13813,27,1,1,2
13814,27,1,1,1
13815,27,1,1,2
13816,27,1,1,1
13817,27,1,1,2
13818,27,1,1,1
13819,27,1,1,2
13820,27,1,1,1
13821,27,1,1,2
13822,27,1,1,1
13823,27,1,1,2
13824,27,1,1,1
13825,27,1,1,2
13826,27,1,1,1
13827,27,1,1,2
13828,27,1,1,1
13829,27,1,1,2
13830,27,1,1,1
13831,27,1,1,2
13832,27,1,1,1
13833,27,1,1,2
13834,27,1,1,1
13835,27,1,1,2
13836,27,1,1,1
13837,27,1,1,2
13838,27,1,1,1
13839,27,1,1,2
13840,27,1,1,1
13841,27,1,1,2
13842,27,1,1,1
13843,27,1,1,2
13844,27,1,1,1
13845,27,1,1,2
13846,27,1,1,1
13847,27,1,1,2
13848,27,1,1,1
13849,27,1,1,2
13850,27,1,1,1
13851,27,1,1,2
13852,27,1,1,1
13853,27,1,1,2
13854,27,1,1,1
13855,27,1,1,2
13856,27,1,1,1
13857,27,1,1,2
13858,27,1,1,1
13859,27,1,1,2
13860,27,1,1,1
13861,27,1,1,2
13862,27,1,1,1
13863,27,1,1,2
13864,27,1,1,1
13865,27,1,1,2
13866,27,1,1,1
13867,27,1,1,2
13868,27,1,1,1
13869,27,1,1,2
13870,27,1,1,1
13871,27,1,1,2
13872,27,1,1,1
13873,27,1,1,2
13874,27,1,1,1
13875,27,1,1,2
13876,27,1,1,1
13877,27,1,1,2
13878,27,1,1,1
13879,27,1,1,2
13880,27,1,1,1
13881,27,1,1,2
13882,27,1,1,1
13883,27,1,1,2
13884,27,1,1,1
13885,27,1,1,2
13886,27,1,1,1
13887,27,1,1,2
13888,27,2,1,1
13889,27,2,1,2
13890,27,2,1,1
13891,27,2,1,2
13892,27,2,1,1
13893,27,2,1,2
13894,27,2,1,1
13895,27,2,1,2
13896,27,2,1,1
13897,27,2,1,2
13898,27,2,1,1
13899,27,2,1,2
13900,27,2,1,1
13901,27,2,1,2
13902,27,2,1,1
13903,27,2,1,2
13904,27,2,1,1
13905,27,2,1,2
13906,27,2,1,1
13907,27,2,1,2
13908,27,2,1,1
13909,27,2,1,2
13910,27,2,1,1
13911,27,2,1,2
13912,27,2,1,1
13913,27,2,1,2
13914,27,2,1,1
13915,27,2,1,2
13916,27,2,1,1
13917,27,2,1,2
13918,27,2,1,1
13919,27,2,1,2
13920,27,2,1,1
13921,27,2,1,2
13922,27,2,1,1
13923,27,2,1,2
13924,27,2,1,1
13925,27,2,1,2
13926,27,2,1,1
13927,27,2,1,2
13928,27,2,1,1
13929,27,2,1,2
13930,27,2,1,1
13931,27,2,1,2
13932,27,2,1,1
13933,27,2,1,2
13934,27,2,1,1
13935,27,2,1,2
13936,27,2,1,1
13937,27,2,1,2
13938,27,2,1,1
13939,27,2,1,2
13940,27,2,1,1
13941,27,2,1,2
13942,27,2,1,1
13943,27,2,1,2
13944,27,2,1,1
13945,27,2,1,2
13946,27,2,1,1
13947,27,2,1,2
13948,27,2,1,1
13949,27,2,1,2
13950,27,2,1,1
13951,27,2,1,2
13952,27,2,1,1
13953,27,2,1,2
13954,27,2,1,1
13955,27,2,1,2
13956,27,2,1,1
13957,27,2,1,2
13958,27,2,1,1
13959,27,2,1,2
13960,27,2,1,1
13961,27,2,1,2
13962,27,2,1,1
13963,27,2,1,2
13964,27,2,1,1
13965,27,2,1,2
13966,27,2,1,1
13967,27,2,1,2
13968,27,2,1,1
13969,27,2,1,2
13970,27,2,1,1
13971,27,2,1,2
13972,27,2,1,1
13973,27,2,1,2
13974,27,2,1,1
13975,27,2,1,2
13976,27,2,1,1
13977,27,2,1,2
13978,27,2,1,1
13979,27,2,1,2
13980,27,2,1,1
13981,27,2,1,2
13982,27,2,1,1
13983,27,2,1,2
13984,27,2,1,1
13985,27,2,1,2
13986,27,2,1,1
13987,27,2,1,2
13988,27,2,1,1
13989,27,2,1,2
13990,27,2,1,1
13991,27,2,1,2
13992,27,2,1,1
13993,27,2,1,2
13994,27,2,1,1
13995,27,2,1,2
13996,27,2,1,1
13997,27,2,1,2
13998,27,2,1,1
13999,27,2,1,2
14000,27,2,1,1
14001,27,2,1,2
14002,27,2,1,1
14003,27,2,1,2
14004,27,2,1,1
14005,27,2,1,2
14006,27,2,1,1
14007,27,2,1,2
14008,27,2,1,1
14009,27,2,1,2
14010,27,2,1,1
14011,27,2,1,2
14012,27,2,1,1
14013,27,2,1,2
14014,27,2,1,1
14015,27,2,1,2
14016,27,2,1,1
14017,27,2,1,2
14018,27,2,1,1
14019,27,2,1,2
14020,27,2,1,1
14021,27,2,1,2
14022,27,2,1,1
14023,27,2,1,2
14024,27,2,1,1
14025,27,2,1,2
14026,27,2,1,1
14027,27,2,1,2
14028,27,2,1,1
14029,27,2,1,2
14030,27,2,1,1
14031,27,2,1,2
14032,27,2,1,1
14033,27,2,1,2
14034,27,1,2,1
14035,27,1,2,2
14036,27,1,2,1
14037,27,1,2,2
14038,27,1,2,1
14039,27,1,2,2
14040,27,1,2,1
14041,27,1,2,2
14042,27,1,2,1
14043,27,1,2,2
14044,27,1,2,1
14045,27,1,2,2
14046,27,1,2,1
14047,27,1,2,2
14048,27,1,2,1
14049,27,1,2,2
14050,27,1,2,1
14051,27,1,2,2
14052,27,1,2,1
14053,27,1,2,2
14054,27,1,2,1
14055,27,1,2,2
14056,27,1,2,1
14057,27,1,2,2
14058,27,1,2,1
14059,27,1,2,2
14060,27,1,2,1
14061,27,1,2,2
14062,27,1,2,1
14063,27,1,2,2
14064,27,1,2,1
14065,27,1,2,2
14066,27,1,2,1
14067,27,1,2,2
14068,27,1,2,1
14069,27,1,2,2
14070,27,1,2,1
14071,27,1,2,2
14072,27,1,2,1
14073,27,1,2,2
14074,27,1,2,1
14075,27,1,2,2
14076,27,1,2,1
14077,27,1,2,2
14078,27,1,2,1
14079,27,1,2,2
14080,27,1,2,1
14081,27,1,2,2
14082,27,1,2,1
14083,27,1,2,2
14084,27,1,2,1
14085,27,1,2,2
14086,27,1,2,1
14087,27,1,2,2
14088,27,1,2,1
14089,27,1,2,2
14090,27,1,2,1
14091,27,1,2,2
14092,27,1,2,1
14093,27,1,2,2
14094,27,1,2,1
14095,27,1,2,2
14096,27,1,2,1
14097,27,1,2,2
14098,27,1,2,1
14099,27,1,2,2
14100,27,1,2,1
14101,27,1,2,2
14102,27,1,2,1
14103,27,1,2,2
14104,27,1,2,1
14105,27,1,2,2
14106,27,1,2,1
14107,27,1,2,2
14108,27,1,2,1
14109,27,1,2,2
14110,27,1,2,1
14111,27,1,2,2
14112,27,1,2,1
14113,27,1,2,2
14114,27,1,2,1
14115,27,1,2,2
14116,27,1,2,1
14117,27,1,2,2
14118,27,1,2,1
14119,27,1,2,2
14120,27,1,2,1
14121,27,1,2,2
14122,27,1,2,1
14123,27,1,2,2
14124,27,1,2,1
14125,27,1,2,2
14126,27,1,2,1
14127,27,1,2,2
14128,27,1,2,1
14129,27,1,2,2
14130,27,1,2,1
14131,27,1,2,2
14132,27,1,2,1
14133,27,1,2,2
14134,27,1,2,1
14135,27,1,2,2
14136,27,1,2,1
14137,27,1,2,2
14138,27,1,2,1
14139,27,1,2,2
14140,27,1,2,1
14141,27,1,2,2
14142,27,1,2,1
14143,27,1,2,2
14144,27,1,2,1
14145,27,1,2,2
14146,27,1,2,1
14147,27,1,2,2
14148,27,1,2,1
14149,27,1,2,2
14150,27,1,2,1
14151,27,1,2,2
14152,27,1,2,1
14153,27,1,2,2
14154,27,1,2,1
14155,27,1,2,2
14156,27,1,2,1
14157,27,1,2,2
14158,27,1,2,1
14159,27,1,2,2
14160,27,1,2,1
14161,27,1,2,2
14162,27,1,2,1
14163,27,1,2,2
14164,27,1,2,1
14165,27,1,2,2
14166,27,1,2,1
14167,27,1,2,2
14168,27,1,2,1
14169,27,1,2,2
14170,27,1,2,1
14171,27,1,2,2
14172,27,1,2,1
14173,27,1,2,2
14174,27,1,2,1
14175,27,1,2,2
14176,27,1,2,1
14177,27,1,2,2
14178,27,2,2,1
14179,27,2,2,2
14180,27,2,2,1
14181,27,2,2,2
14182,27,2,2,1
14183,27,2,2,2
14184,27,2,2,1
14185,27,2,2,2
14186,27,2,2,1
14187,27,2,2,2
14188,27,2,2,1
14189,27,2,2,2
14190,27,2,2,1
14191,27,2,2,2
14192,27,2,2,1
14193,27,2,2,2
14194,27,2,2,1
14195,27,2,2,2
14196,27,2,2,1
14197,27,2,2,2
14198,27,2,2,1
14199,27,2,2,2
14200,27,2,2,1
14201,27,2,2,2
14202,27,2,2,1
14203,27,2,2,2
14204,27,2,2,1
14205,27,2,2,2
14206,27,2,2,1
14207,27,2,2,2
14208,27,2,2,1
14209,27,2,2,2
14210,27,2,2,1
14211,27,2,2,2
14212,27,2,2,1
14213,27,2,2,2
14214,27,2,2,1
14215,27,2,2,2
14216,27,2,2,1
14217,27,2,2,2
14218,27,2,2,1
14219,27,2,2,2
14220,27,2,2,1
14221,27,2,2,2
14222,27,2,2,1
14223,27,2,2,2
14224,27,2,2,1
14225,27,2,2,2
14226,27,2,2,1
14227,27,2,2,2
14228,27,2,2,1
14229,27,2,2,2
14230,27,2,2,1
14231,27,2,2,2
14232,27,2,2,1
14233,27,2,2,2
14234,27,2,2,1
14235,27,2,2,2
14236,27,2,2,1
14237,27,2,2,2
14238,27,2,2,1
14239,27,2,2,2
14240,27,2,2,1
14241,27,2,2,2
14242,27,2,2,1
14243,27,2,2,2
14244,27,2,2,1
14245,27,2,2,2
14246,27,2,2,1
14247,27,2,2,2
14248,27,2,2,1
14249,27,2,2,2
14250,27,2,2,1
14251,27,2,2,2
14252,27,2,2,1
14253,27,2,2,2
14254,27,2,2,1
14255,27,2,2,2
14256,27,2,2,1
14257,27,2,2,2
14258,27,2,2,1
14259,27,2,2,2
14260,27,2,2,1
14261,27,2,2,2
14262,27,2,2,1
14263,27,2,2,2
14264,27,2,2,1
14265,27,2,2,2
14266,27,2,2,1
14267,27,2,2,2
14268,27,2,2,1
14269,27,2,2,2
14270,27,2,2,1
14271,27,2,2,2
14272,27,2,2,1
14273,27,2,2,2
14274,27,2,2,1
14275,27,2,2,2
14276,27,2,2,1
14277,27,2,2,2
14278,27,2,2,1
14279,27,2,2,2
14280,27,2,2,1
14281,27,2,2,2
14282,27,2,2,1
14283,27,2,2,2
14284,27,2,2,1
14285,27,2,2,2
14286,27,2,2,1
14287,27,2,2,2
14288,27,2,2,1
14289,27,2,2,2
14290,27,2,2,1
14291,27,2,2,2
14292,27,2,2,1
14293,27,2,2,2
14294,27,2,2,1
14295,27,2,2,2
14296,27,2,2,1
14297,27,2,2,2
14298,27,2,2,1
14299,27,2,2,2
14300,27,2,2,1
14301,27,2,2,2
14302,27,2,2,1
14303,27,2,2,2
14304,27,2,2,1
14305,27,2,2,2
14306,27,2,2,1
14307,27,2,2,2
14308,27,2,2,1
14309,27,2,2,2
14310,27,2,2,1
14311,27,2,2,2
14312,27,2,2,1
14313,27,2,2,2
14314,27,2,2,1
14315,27,2,2,2
14316,27,2,2,1
14317,27,2,2,2
14318,27,2,2,1
14319,27,2,2,2
14320,27,2,2,1
14321,27,2,2,2
14322,27,2,2,1
14323,27,2,2,2
14324,28,1,1,1
14325,28,1,1,2
14326,28,1,1,1
14327,28,1,1,2
14328,28,1,1,1
14329,28,1,1,2
14330,28,1,1,1
14331,28,1,1,2
14332,28,1,1,1
14333,28,1,1,2
14334,28,1,1,1
14335,28,1,1,2
14336,28,1,1,1
14337,28,1,1,2
14338,28,1,1,1
14339,28,1,1,2
14340,28,1,1,1
14341,28,1,1,2
14342,28,1,1,1
14343,28,1,1,2
14344,28,1,1,1
14345,28,1,1,2
14346,28,1,1,1
14347,28,1,1,2
14348,28,1,1,1
14349,28,1,1,2
14350,28,1,1,1
14351,28,1,1,2
14352,28,1,1,1
14353,28,1,1,2
14354,28,1,1,1
14355,28,1,1,2
14356,28,1,1,1
14357,28,1,1,2
14358,28,1,1,1
14359,28,1,1,2
14360,28,1,1,1
14361,28,1,1,2
14362,28,1,1,1
14363,28,1,1,2
14364,28,1,1,1
14365,28,1,1,2
14366,28,1,1,1
14367,28,1,1,2
14368,28,1,1,1
14369,28,1,1,2
14370,28,1,1,1
14371,28,1,1,2
14372,28,1,1,1
14373,28,1,1,2
14374,28,1,1,1
14375,28,1,1,2
14376,28,1,1,1
14377,28,1,1,2
14378,28,1,1,1
14379,28,1,1,2
14380,28,1,1,1
14381,28,1,1,2
14382,28,1,1,1
14383,28,1,1,2
14384,28,1,1,1
14385,28,1,1,2
14386,28,1,1,1
14387,28,1,1,2
14388,28,1,1,1
14389,28,1,1,2
14390,28,1,1,1
14391,28,1,1,2
14392,28,1,1,1
14393,28,1,1,2
14394,28,1,1,1
14395,28,1,1,2
14396,28,1,1,1
14397,28,1,1,2
14398,28,1,1,1
14399,28,1,1,2
14400,28,1,1,1
14401,28,1,1,2
14402,28,1,1,1
14403,28,1,1,2
14404,28,1,1,1
14405,28,1,1,2
14406,28,1,1,1
14407,28,1,1,2
14408,28,1,1,1
14409,28,1,1,2
14410,28,1,1,1
14411,28,1,1,2
14412,28,1,1,1
14413,28,1,1,2
14414,28,1,1,1
14415,28,1,1,2
14416,28,1,1,1
14417,28,1,1,2
14418,28,1,1,1
14419,28,1,1,2
14420,28,1,1,1
14421,28,1,1,2
14422,28,1,1,1
14423,28,1,1,2
14424,28,1,1,1
14425,28,1,1,2
14426,28,1,1,1
14427,28,1,1,2
14428,28,1,1,1
14429,28,1,1,2
14430,28,1,1,1
14431,28,1,1,2
14432,28,1,1,1
14433,28,1,1,2
14434,28,1,1,1
14435,28,1,1,2
14436,28,1,1,1
14437,28,1,1,2
14438,28,1,1,1
14439,28,1,1,2
14440,28,1,1,1
14441,28,1,1,2
14442,28,1,1,1
14443,28,1,1,2
14444,28,1,1,1
14445,28,1,1,2
14446,28,1,1,1
14447,28,1,1,2
14448,28,1,1,1
14449,28,1,1,2
14450,28,1,1,1
14451,28,1,1,2
14452,28,1,1,1
14453,28,1,1,2
14454,28,1,1,1
14455,28,1,1,2
14456,28,1,1,1
14457,28,1,1,2
14458,28,1,1,1
14459,28,1,1,2
14460,28,1,1,1
14461,28,1,1,2
14462,28,1,1,1
14463,28,1,1,2
14464,28,1,1,1
14465,28,1,1,2
14466,28,1,1,1
14467,28,1,1,2
14468,28,2,1,1
14469,28,2,1,2
14470,28,2,1,1
14471,28,2,1,2
14472,28,2,1,1
14473,28,2,1,2
14474,28,2,1,1
14475,28,2,1,2
14476,28,2,1,1
14477,28,2,1,2
14478,28,2,1,1
14479,28,2,1,2
14480,28,2,1,1
14481,28,2,1,2
14482,28,2,1,1
14483,28,2,1,2
14484,28,2,1,1
14485,28,2,1,2
14486,28,2,1,1
14487,28,2,1,2
14488,28,2,1,1
14489,28,2,1,2
14490,28,2,1,1
14491,28,2,1,2
14492,28,2,1,1
14493,28,2,1,2
14494,28,2,1,1
14495,28,2,1,2
14496,28,2,1,1
14497,28,2,1,2
14498,28,2,1,1
14499,28,2,1,2
14500,28,2,1,1
14501,28,2,1,2
14502,28,2,1,1
14503,28,2,1,2
14504,28,2,1,1
14505,28,2,1,2
14506,28,2,1,1
14507,28,2,1,2
14508,28,2,1,1
14509,28,2,1,2
14510,28,2,1,1
14511,28,2,1,2
14512,28,2,1,1
14513,28,2,1,2
14514,28,2,1,1
14515,28,2,1,2
14516,28,2,1,1
14517,28,2,1,2
14518,28,2,1,1
14519,28,2,1,2
14520,28,2,1,1
14521,28,2,1,2
14522,28,2,1,1
14523,28,2,1,2
14524,28,2,1,1
14525,28,2,1,2
14526,28,2,1,1
14527,28,2,1,2
14528,28,2,1,1
14529,28,2,1,2
14530,28,2,1,1
14531,28,2,1,2
14532,28,2,1,1
14533,28,2,1,2
14534,28,2,1,1
14535,28,2,1,2
14536,28,2,1,1
14537,28,2,1,2
14538,28,2,1,1
14539,28,2,1,2
14540,28,2,1,1
14541,28,2,1,2
14542,28,2,1,1
14543,28,2,1,2
14544,28,2,1,1
14545,28,2,1,2
14546,28,2,1,1
14547,28,2,1,2
14548,28,2,1,1
14549,28,2,1,2
14550,28,2,1,1
14551,28,2,1,2
14552,28,2,1,1
14553,28,2,1,2
14554,28,2,1,1
14555,28,2,1,2
14556,28,2,1,1
14557,28,2,1,2
14558,28,2,1,1
14559,28,2,1,2
14560,28,2,1,1
14561,28,2,1,2
14562,28,2,1,1
14563,28,2,1,2
14564,28,2,1,1
14565,28,2,1,2
14566,28,2,1,1
14567,28,2,1,2
14568,28,2,1,1
14569,28,2,1,2
14570,28,2,1,1
14571,28,2,1,2
14572,28,2,1,1
14573,28,2,1,2
14574,28,2,1,1
14575,28,2,1,2
14576,28,2,1,1
14577,28,2,1,2
14578,28,2,1,1
14579,28,2,1,2
14580,28,2,1,1
14581,28,2,1,2
14582,28,2,1,1
14583,28,2,1,2
14584,28,2,1,1
14585,28,2,1,2
14586,28,2,1,1
14587,28,2,1,2
14588,28,2,1,1
14589,28,2,1,2
14590,28,2,1,1
14591,28,2,1,2
14592,28,2,1,1
14593,28,2,1,2
14594,28,2,1,1
14595,28,2,1,2
14596,28,2,1,1
14597,28,2,1,2
14598,28,2,1,1
14599,28,2,1,2
14600,28,2,1,1
14601,28,2,1,2
14602,28,2,1,1
14603,28,2,1,2
14604,28,2,1,1
14605,28,2,1,2
14606,28,2,1,1
14607,28,2,1,2
14608,28,2,1,1
14609,28,2,1,2
14610,28,2,1,1
14611,28,2,1,2
14612,28,1,2,1
14613,28,1,2,2
14614,28,1,2,1
14615,28,1,2,2
14616,28,1,2,1
14617,28,1,2,2
14618,28,1,2,1
14619,28,1,2,2
14620,28,1,2,1
14621,28,1,2,2
14622,28,1,2,1
14623,28,1,2,2
14624,28,1,2,1
14625,28,1,2,2
14626,28,1,2,1
14627,28,1,2,2
14628,28,1,2,1
14629,28,1,2,2
14630,28,1,2,1
14631,28,1,2,2
14632,28,1,2,1
14633,28,1,2,2
14634,28,1,2,1
14635,28,1,2,2
14636,28,1,2,1
14637,28,1,2,2
14638,28,1,2,1
14639,28,1,2,2
14640,28,1,2,1
14641,28,1,2,2
14642,28,1,2,1
14643,28,1,2,2
14644,28,1,2,1
14645,28,1,2,2
14646,28,1,2,1
14647,28,1,2,2
14648,28,1,2,1
14649,28,1,2,2
14650,28,1,2,1
14651,28,1,2,2
14652,28,1,2,1
14653,28,1,2,2
14654,28,1,2,1
14655,28,1,2,2
14656,28,1,2,1
14657,28,1,2,2
14658,28,1,2,1
14659,28,1,2,2
14660,28,1,2,1
14661,28,1,2,2
14662,28,1,2,1
14663,28,1,2,2
14664,28,1,2,1
14665,28,1,2,2
14666,28,1,2,1
14667,28,1,2,2
14668,28,1,2,1
14669,28,1,2,2
14670,28,1,2,1
14671,28,1,2,2
14672,28,1,2,1
14673,28,1,2,2
14674,28,1,2,1
14675,28,1,2,2
14676,28,1,2,1
14677,28,1,2,2
14678,28,1,2,1
14679,28,1,2,2
14680,28,1,2,1
14681,28,1,2,2
14682,28,1,2,1
14683,28,1,2,2
14684,28,1,2,1
14685,28,1,2,2
14686,28,1,2,1
14687,28,1,2,2
14688,28,1,2,1
14689,28,1,2,2
14690,28,1,2,1
14691,28,1,2,2
14692,28,1,2,1
14693,28,1,2,2
14694,28,1,2,1
14695,28,1,2,2
14696,28,1,2,1
14697,28,1,2,2
14698,28,1,2,1
14699,28,1,2,2
14700,28,1,2,1
14701,28,1,2,2
14702,28,1,2,1
14703,28,1,2,2
14704,28,1,2,1
14705,28,1,2,2
14706,28,1,2,1
14707,28,1,2,2
14708,28,1,2,1
14709,28,1,2,2
14710,28,1,2,1
14711,28,1,2,2
14712,28,1,2,1
14713,28,1,2,2
14714,28,1,2,1
14715,28,1,2,2
14716,28,1,2,1
14717,28,1,2,2
14718,28,1,2,1
14719,28,1,2,2
14720,28,1,2,1
14721,28,1,2,2
14722,28,1,2,1
14723,28,1,2,2
14724,28,1,2,1
14725,28,1,2,2
14726,28,1,2,1
14727,28,1,2,2
14728,28,1,2,1
14729,28,1,2,2
14730,28,1,2,1
14731,28,1,2,2
14732,28,1,2,1
14733,28,1,2,2
14734,28,1,2,1
14735,28,1,2,2
14736,28,1,2,1
14737,28,1,2,2
14738,28,1,2,1
14739,28,1,2,2
14740,28,1,2,1
14741,28,1,2,2
14742,28,1,2,1
14743,28,1,2,2
14744,28,1,2,1
14745,28,1,2,2
14746,28,1,2,1
14747,28,1,2,2
14748,28,1,2,1
14749,28,1,2,2
14750,28,1,2,1
14751,28,1,2,2
14752,28,1,2,1
14753,28,1,2,2
14754,28,1,2,1
14755,28,1,2,2
14756,28,2,2,1
14757,28,2,2,2
14758,28,2,2,1
14759,28,2,2,2
14760,28,2,2,1
14761,28,2,2,2
14762,28,2,2,1
14763,28,2,2,2
14764,28,2,2,1
14765,28,2,2,2
14766,28,2,2,1
14767,28,2,2,2
14768,28,2,2,1
14769,28,2,2,2
14770,28,2,2,1
14771,28,2,2,2
14772,28,2,2,1
14773,28,2,2,2
14774,28,2,2,1
14775,28,2,2,2
14776,28,2,2,1
14777,28,2,2,2
14778,28,2,2,1
14779,28,2,2,2
14780,28,2,2,1
14781,28,2,2,2
14782,28,2,2,1
14783,28,2,2,2
14784,28,2,2,1
14785,28,2,2,2
14786,28,2,2,1
14787,28,2,2,2
14788,28,2,2,1
14789,28,2,2,2
14790,28,2,2,1
14791,28,2,2,2
14792,28,2,2,1
14793,28,2,2,2
14794,28,2,2,1
14795,28,2,2,2
14796,28,2,2,1
14797,28,2,2,2
14798,28,2,2,1
14799,28,2,2,2
14800,28,2,2,1
14801,28,2,2,2
14802,28,2,2,1
14803,28,2,2,2
14804,28,2,2,1
14805,28,2,2,2
14806,28,2,2,1
14807,28,2,2,2
14808,28,2,2,1
14809,28,2,2,2
14810,28,2,2,1
14811,28,2,2,2
14812,28,2,2,1
14813,28,2,2,2
14814,28,2,2,1
14815,28,2,2,2
14816,28,2,2,1
14817,28,2,2,2
14818,28,2,2,1
14819,28,2,2,2
14820,28,2,2,1
14821,28,2,2,2
14822,28,2,2,1
14823,28,2,2,2
14824,28,2,2,1
14825,28,2,2,2
14826,28,2,2,1
14827,28,2,2,2
14828,28,2,2,1
14829,28,2,2,2
14830,28,2,2,1
14831,28,2,2,2
14832,28,2,2,1
14833,28,2,2,2
14834,28,2,2,1
14835,28,2,2,2
14836,28,2,2,1
14837,28,2,2,2
14838,28,2,2,1
14839,28,2,2,2
14840,28,2,2,1
14841,28,2,2,2
14842,28,2,2,1
14843,28,2,2,2
14844,28,2,2,1
14845,28,2,2,2
14846,28,2,2,1
14847,28,2,2,2
14848,28,2,2,1
14849,28,2,2,2
14850,28,2,2,1
14851,28,2,2,2
14852,28,2,2,1
14853,28,2,2,2
14854,28,2,2,1
14855,28,2,2,2
14856,28,2,2,1
14857,28,2,2,2
14858,28,2,2,1
14859,28,2,2,2
14860,28,2,2,1
14861,28,2,2,2
14862,28,2,2,1
14863,28,2,2,2
14864,28,2,2,1
14865,28,2,2,2
14866,28,2,2,1
14867,28,2,2,2
14868,28,2,2,1
14869,28,2,2,2
14870,28,2,2,1
14871,28,2,2,2
14872,28,2,2,1
14873,28,2,2,2
14874,28,2,2,1
14875,28,2,2,2
14876,28,2,2,1
14877,28,2,2,2
14878,28,2,2,1
14879,28,2,2,2
14880,28,2,2,1
14881,28,2,2,2
14882,28,2,2,1
14883,28,2,2,2
14884,28,2,2,1
14885,28,2,2,2
14886,28,2,2,1
14887,28,2,2,2
14888,28,2,2,1
14889,28,2,2,2
14890,28,2,2,1
14891,28,2,2,2
14892,28,2,2,1
14893,28,2,2,2
14894,28,2,2,1
14895,28,2,2,2
14896,28,2,2,1
14897,28,2,2,2
14898,28,2,2,1
14899,28,2,2,2
